Seed(Dec),Seed(Hex),Average Error,Absolute Highest Error
0,12'h000,2056.3750,4022
1,12'h001,0.5000,1
2,12'h002,0.7500,1
3,12'h003,0.2500,1
4,12'h004,0.8750,1
5,12'h005,0.3750,1
6,12'h006,0.6250,1
7,12'h007,0.1250,1
8,12'h008,0.9375,1
9,12'h009,0.4375,1
10,12'h00A,0.6875,1
11,12'h00B,0.1875,1
12,12'h00C,0.8125,1
13,12'h00D,0.3125,1
14,12'h00E,0.5625,1
15,12'h00F,0.0625,1
16,12'h010,0.9688,1
17,12'h011,0.4688,1
18,12'h012,0.7188,1
19,12'h013,0.2188,1
20,12'h014,0.8438,1
21,12'h015,0.3438,1
22,12'h016,0.5938,1
23,12'h017,0.0938,1
24,12'h018,0.9062,1
25,12'h019,0.4062,1
26,12'h01A,0.6562,1
27,12'h01B,0.1562,1
28,12'h01C,0.7812,1
29,12'h01D,0.2812,1
30,12'h01E,0.5312,1
31,12'h01F,0.0312,1
32,12'h020,1.0000,1
33,12'h021,0.5000,1
34,12'h022,0.7500,1
35,12'h023,0.2188,1
36,12'h024,0.8438,1
37,12'h025,0.3750,1
38,12'h026,0.5938,1
39,12'h027,0.1250,1
40,12'h028,0.9062,1
41,12'h029,0.4062,1
42,12'h02A,0.6875,1
43,12'h02B,0.1875,1
44,12'h02C,0.7812,1
45,12'h02D,0.3125,1
46,12'h02E,0.5625,1
47,12'h02F,0.0625,1
48,12'h030,0.9375,1
49,12'h031,0.4688,1
50,12'h032,0.6875,1
51,12'h033,0.1875,1
52,12'h034,0.8438,1
53,12'h035,0.3438,1
54,12'h036,0.5625,1
55,12'h037,0.0938,1
56,12'h038,0.9062,1
57,12'h039,0.4062,1
58,12'h03A,0.6562,1
59,12'h03B,0.1562,1
60,12'h03C,0.7812,1
61,12'h03D,0.2812,1
62,12'h03E,0.5000,1
63,12'h03F,0.0000,0
64,12'h040,1.0000,1
65,12'h041,0.5000,1
66,12'h042,0.7500,1
67,12'h043,0.2500,1
68,12'h044,0.8438,1
69,12'h045,0.3750,1
70,12'h046,0.5938,1
71,12'h047,0.1250,1
72,12'h048,0.9375,1
73,12'h049,0.4062,1
74,12'h04A,0.6875,1
75,12'h04B,0.1875,1
76,12'h04C,0.8125,1
77,12'h04D,0.3125,1
78,12'h04E,0.5625,1
79,12'h04F,0.0625,1
80,12'h050,0.9688,1
81,12'h051,0.4688,1
82,12'h052,0.7188,1
83,12'h053,0.2188,1
84,12'h054,0.8438,1
85,12'h055,0.3438,1
86,12'h056,0.5625,1
87,12'h057,0.0938,1
88,12'h058,0.9062,1
89,12'h059,0.4062,1
90,12'h05A,0.6562,1
91,12'h05B,0.1562,1
92,12'h05C,0.7812,1
93,12'h05D,0.2812,1
94,12'h05E,0.5000,1
95,12'h05F,0.0312,1
96,12'h060,1.0000,1
97,12'h061,0.4688,1
98,12'h062,0.7188,1
99,12'h063,0.2188,1
100,12'h064,0.8438,1
101,12'h065,0.3438,1
102,12'h066,0.5938,1
103,12'h067,0.0938,1
104,12'h068,0.9062,1
105,12'h069,0.4062,1
106,12'h06A,0.6875,1
107,12'h06B,0.1562,1
108,12'h06C,0.7812,1
109,12'h06D,0.3125,1
110,12'h06E,0.5625,1
111,12'h06F,0.0312,1
112,12'h070,0.9375,1
113,12'h071,0.4375,1
114,12'h072,0.6875,1
115,12'h073,0.1875,1
116,12'h074,0.8438,1
117,12'h075,0.3125,1
118,12'h076,0.5625,1
119,12'h077,0.0938,1
120,12'h078,0.9062,1
121,12'h079,0.4062,1
122,12'h07A,0.6250,1
123,12'h07B,0.1250,1
124,12'h07C,0.7500,1
125,12'h07D,0.2500,1
126,12'h07E,0.5000,1
127,12'h07F,0.0000,0
128,12'h080,1.0000,1
129,12'h081,0.5000,1
130,12'h082,0.7500,1
131,12'h083,0.2500,1
132,12'h084,0.8750,1
133,12'h085,0.3750,1
134,12'h086,0.6250,1
135,12'h087,0.1250,1
136,12'h088,0.9375,1
137,12'h089,0.4375,1
138,12'h08A,0.6875,1
139,12'h08B,0.1875,1
140,12'h08C,0.8125,1
141,12'h08D,0.3125,1
142,12'h08E,0.5625,1
143,12'h08F,0.0625,1
144,12'h090,0.9688,1
145,12'h091,0.4688,1
146,12'h092,0.7188,1
147,12'h093,0.2188,1
148,12'h094,0.8438,1
149,12'h095,0.3438,1
150,12'h096,0.5625,1
151,12'h097,0.0938,1
152,12'h098,0.9062,1
153,12'h099,0.4062,1
154,12'h09A,0.6562,1
155,12'h09B,0.1562,1
156,12'h09C,0.7812,1
157,12'h09D,0.2812,1
158,12'h09E,0.5312,1
159,12'h09F,0.0312,1
160,12'h0A0,1.0000,1
161,12'h0A1,0.4688,1
162,12'h0A2,0.7500,1
163,12'h0A3,0.2188,1
164,12'h0A4,0.8438,1
165,12'h0A5,0.3438,1
166,12'h0A6,0.5938,1
167,12'h0A7,0.0938,1
168,12'h0A8,0.9062,1
169,12'h0A9,0.4062,1
170,12'h0AA,0.6875,1
171,12'h0AB,0.1875,1
172,12'h0AC,0.7812,1
173,12'h0AD,0.3125,1
174,12'h0AE,0.5625,1
175,12'h0AF,0.0312,1
176,12'h0B0,0.9375,1
177,12'h0B1,0.4375,1
178,12'h0B2,0.6875,1
179,12'h0B3,0.1875,1
180,12'h0B4,0.8438,1
181,12'h0B5,0.3125,1
182,12'h0B6,0.5625,1
183,12'h0B7,0.0938,1
184,12'h0B8,0.9062,1
185,12'h0B9,0.4062,1
186,12'h0BA,0.6562,1
187,12'h0BB,0.1562,1
188,12'h0BC,0.7500,1
189,12'h0BD,0.2500,1
190,12'h0BE,0.5000,1
191,12'h0BF,0.0000,0
192,12'h0C0,1.0000,1
193,12'h0C1,0.5000,1
194,12'h0C2,0.7500,1
195,12'h0C3,0.2500,1
196,12'h0C4,0.8438,1
197,12'h0C5,0.3750,1
198,12'h0C6,0.5938,1
199,12'h0C7,0.1250,1
200,12'h0C8,0.9375,1
201,12'h0C9,0.4062,1
202,12'h0CA,0.6875,1
203,12'h0CB,0.1875,1
204,12'h0CC,0.7812,1
205,12'h0CD,0.3125,1
206,12'h0CE,0.5625,1
207,12'h0CF,0.0625,1
208,12'h0D0,0.9688,1
209,12'h0D1,0.4688,1
210,12'h0D2,0.7188,1
211,12'h0D3,0.2188,1
212,12'h0D4,0.8438,1
213,12'h0D5,0.3438,1
214,12'h0D6,0.5625,1
215,12'h0D7,0.0938,1
216,12'h0D8,0.9062,1
217,12'h0D9,0.4062,1
218,12'h0DA,0.6562,1
219,12'h0DB,0.1562,1
220,12'h0DC,0.7812,1
221,12'h0DD,0.2812,1
222,12'h0DE,0.5000,1
223,12'h0DF,0.0312,1
224,12'h0E0,0.9688,1
225,12'h0E1,0.4688,1
226,12'h0E2,0.7188,1
227,12'h0E3,0.2188,1
228,12'h0E4,0.8438,1
229,12'h0E5,0.3438,1
230,12'h0E6,0.5938,1
231,12'h0E7,0.0938,1
232,12'h0E8,0.9062,1
233,12'h0E9,0.4062,1
234,12'h0EA,0.6875,1
235,12'h0EB,0.1562,1
236,12'h0EC,0.7812,1
237,12'h0ED,0.2812,1
238,12'h0EE,0.5312,1
239,12'h0EF,0.0312,1
240,12'h0F0,0.9375,1
241,12'h0F1,0.4375,1
242,12'h0F2,0.6875,1
243,12'h0F3,0.1875,1
244,12'h0F4,0.8125,1
245,12'h0F5,0.3125,1
246,12'h0F6,0.5625,1
247,12'h0F7,0.0625,1
248,12'h0F8,0.9062,1
249,12'h0F9,0.4062,1
250,12'h0FA,0.6250,1
251,12'h0FB,0.1250,1
252,12'h0FC,0.7500,1
253,12'h0FD,0.2500,1
254,12'h0FE,0.5000,1
255,12'h0FF,0.0000,0
256,12'h100,1.0000,1
257,12'h101,0.5000,1
258,12'h102,0.7500,1
259,12'h103,0.2500,1
260,12'h104,0.8750,1
261,12'h105,0.3750,1
262,12'h106,0.6250,1
263,12'h107,0.1250,1
264,12'h108,0.9375,1
265,12'h109,0.4375,1
266,12'h10A,0.6875,1
267,12'h10B,0.1875,1
268,12'h10C,0.8125,1
269,12'h10D,0.3125,1
270,12'h10E,0.5625,1
271,12'h10F,0.0625,1
272,12'h110,0.9688,1
273,12'h111,0.4688,1
274,12'h112,0.7188,1
275,12'h113,0.2188,1
276,12'h114,0.8438,1
277,12'h115,0.3438,1
278,12'h116,0.5625,1
279,12'h117,0.0938,1
280,12'h118,0.9062,1
281,12'h119,0.4062,1
282,12'h11A,0.6562,1
283,12'h11B,0.1562,1
284,12'h11C,0.7812,1
285,12'h11D,0.2812,1
286,12'h11E,0.5312,1
287,12'h11F,0.0312,1
288,12'h120,1.0000,1
289,12'h121,0.5000,1
290,12'h122,0.7500,1
291,12'h123,0.2188,1
292,12'h124,0.8438,1
293,12'h125,0.3750,1
294,12'h126,0.5938,1
295,12'h127,0.1250,1
296,12'h128,0.9062,1
297,12'h129,0.4062,1
298,12'h12A,0.6875,1
299,12'h12B,0.1875,1
300,12'h12C,0.7812,1
301,12'h12D,0.3125,1
302,12'h12E,0.5625,1
303,12'h12F,0.0625,1
304,12'h130,0.9375,1
305,12'h131,0.4688,1
306,12'h132,0.6875,1
307,12'h133,0.1875,1
308,12'h134,0.8438,1
309,12'h135,0.3438,1
310,12'h136,0.5625,1
311,12'h137,0.0938,1
312,12'h138,0.9062,1
313,12'h139,0.4062,1
314,12'h13A,0.6562,1
315,12'h13B,0.1562,1
316,12'h13C,0.7812,1
317,12'h13D,0.2500,1
318,12'h13E,0.5000,1
319,12'h13F,0.0000,0
320,12'h140,1.0000,1
321,12'h141,0.5000,1
322,12'h142,0.7500,1
323,12'h143,0.2500,1
324,12'h144,0.8438,1
325,12'h145,0.3750,1
326,12'h146,0.5938,1
327,12'h147,0.1250,1
328,12'h148,0.9375,1
329,12'h149,0.4062,1
330,12'h14A,0.6875,1
331,12'h14B,0.1875,1
332,12'h14C,0.8125,1
333,12'h14D,0.3125,1
334,12'h14E,0.5625,1
335,12'h14F,0.0625,1
336,12'h150,0.9688,1
337,12'h151,0.4688,1
338,12'h152,0.7188,1
339,12'h153,0.2188,1
340,12'h154,0.8438,1
341,12'h155,0.3438,1
342,12'h156,0.5625,1
343,12'h157,0.0938,1
344,12'h158,0.9062,1
345,12'h159,0.4062,1
346,12'h15A,0.6562,1
347,12'h15B,0.1562,1
348,12'h15C,0.7812,1
349,12'h15D,0.2812,1
350,12'h15E,0.5000,1
351,12'h15F,0.0312,1
352,12'h160,1.0000,1
353,12'h161,0.4688,1
354,12'h162,0.7188,1
355,12'h163,0.2188,1
356,12'h164,0.8438,1
357,12'h165,0.3438,1
358,12'h166,0.5938,1
359,12'h167,0.0938,1
360,12'h168,0.9062,1
361,12'h169,0.4062,1
362,12'h16A,0.6875,1
363,12'h16B,0.1562,1
364,12'h16C,0.7812,1
365,12'h16D,0.2812,1
366,12'h16E,0.5312,1
367,12'h16F,0.0312,1
368,12'h170,0.9375,1
369,12'h171,0.4375,1
370,12'h172,0.6875,1
371,12'h173,0.1875,1
372,12'h174,0.8125,1
373,12'h175,0.3125,1
374,12'h176,0.5625,1
375,12'h177,0.0625,1
376,12'h178,0.9062,1
377,12'h179,0.4062,1
378,12'h17A,0.6250,1
379,12'h17B,0.1250,1
380,12'h17C,0.7500,1
381,12'h17D,0.2500,1
382,12'h17E,0.5000,1
383,12'h17F,0.0000,0
384,12'h180,1.0000,1
385,12'h181,0.5000,1
386,12'h182,0.7500,1
387,12'h183,0.2500,1
388,12'h184,0.8750,1
389,12'h185,0.3750,1
390,12'h186,0.6250,1
391,12'h187,0.1250,1
392,12'h188,0.9375,1
393,12'h189,0.4062,1
394,12'h18A,0.6875,1
395,12'h18B,0.1875,1
396,12'h18C,0.8125,1
397,12'h18D,0.3125,1
398,12'h18E,0.5625,1
399,12'h18F,0.0625,1
400,12'h190,0.9688,1
401,12'h191,0.4688,1
402,12'h192,0.7188,1
403,12'h193,0.2188,1
404,12'h194,0.8438,1
405,12'h195,0.3438,1
406,12'h196,0.5625,1
407,12'h197,0.0938,1
408,12'h198,0.9062,1
409,12'h199,0.4062,1
410,12'h19A,0.6562,1
411,12'h19B,0.1562,1
412,12'h19C,0.7812,1
413,12'h19D,0.2812,1
414,12'h19E,0.5312,1
415,12'h19F,0.0312,1
416,12'h1A0,1.0000,1
417,12'h1A1,0.4688,1
418,12'h1A2,0.7500,1
419,12'h1A3,0.2188,1
420,12'h1A4,0.8438,1
421,12'h1A5,0.3438,1
422,12'h1A6,0.5938,1
423,12'h1A7,0.0938,1
424,12'h1A8,0.9062,1
425,12'h1A9,0.4062,1
426,12'h1AA,0.6875,1
427,12'h1AB,0.1875,1
428,12'h1AC,0.7812,1
429,12'h1AD,0.3125,1
430,12'h1AE,0.5625,1
431,12'h1AF,0.0312,1
432,12'h1B0,0.9375,1
433,12'h1B1,0.4375,1
434,12'h1B2,0.6875,1
435,12'h1B3,0.1875,1
436,12'h1B4,0.8438,1
437,12'h1B5,0.3125,1
438,12'h1B6,0.5625,1
439,12'h1B7,0.0938,1
440,12'h1B8,0.9062,1
441,12'h1B9,0.4062,1
442,12'h1BA,0.6562,1
443,12'h1BB,0.1562,1
444,12'h1BC,0.7500,1
445,12'h1BD,0.2500,1
446,12'h1BE,0.5000,1
447,12'h1BF,0.0000,0
448,12'h1C0,1.0000,1
449,12'h1C1,0.5000,1
450,12'h1C2,0.7500,1
451,12'h1C3,0.2188,1
452,12'h1C4,0.8438,1
453,12'h1C5,0.3750,1
454,12'h1C6,0.5938,1
455,12'h1C7,0.1250,1
456,12'h1C8,0.9375,1
457,12'h1C9,0.4062,1
458,12'h1CA,0.6875,1
459,12'h1CB,0.1875,1
460,12'h1CC,0.7812,1
461,12'h1CD,0.3125,1
462,12'h1CE,0.5625,1
463,12'h1CF,0.0625,1
464,12'h1D0,0.9375,1
465,12'h1D1,0.4688,1
466,12'h1D2,0.7188,1
467,12'h1D3,0.2188,1
468,12'h1D4,0.8438,1
469,12'h1D5,0.3438,1
470,12'h1D6,0.5625,1
471,12'h1D7,0.0938,1
472,12'h1D8,0.9062,1
473,12'h1D9,0.4062,1
474,12'h1DA,0.6562,1
475,12'h1DB,0.1562,1
476,12'h1DC,0.7812,1
477,12'h1DD,0.2812,1
478,12'h1DE,0.5000,1
479,12'h1DF,0.0000,0
480,12'h1E0,0.9688,1
481,12'h1E1,0.4688,1
482,12'h1E2,0.7188,1
483,12'h1E3,0.2188,1
484,12'h1E4,0.8438,1
485,12'h1E5,0.3438,1
486,12'h1E6,0.5938,1
487,12'h1E7,0.0938,1
488,12'h1E8,0.9062,1
489,12'h1E9,0.4062,1
490,12'h1EA,0.6875,1
491,12'h1EB,0.1562,1
492,12'h1EC,0.7812,1
493,12'h1ED,0.2812,1
494,12'h1EE,0.5312,1
495,12'h1EF,0.0312,1
496,12'h1F0,0.9375,1
497,12'h1F1,0.4375,1
498,12'h1F2,0.6875,1
499,12'h1F3,0.1875,1
500,12'h1F4,0.8125,1
501,12'h1F5,0.3125,1
502,12'h1F6,0.5625,1
503,12'h1F7,0.0625,1
504,12'h1F8,0.9062,1
505,12'h1F9,0.3750,1
506,12'h1FA,0.6250,1
507,12'h1FB,0.1250,1
508,12'h1FC,0.7500,1
509,12'h1FD,0.2500,1
510,12'h1FE,0.5000,1
511,12'h1FF,0.0000,0
512,12'h200,1.0000,1
513,12'h201,0.5000,1
514,12'h202,0.7500,1
515,12'h203,0.2500,1
516,12'h204,0.8750,1
517,12'h205,0.3750,1
518,12'h206,0.6250,1
519,12'h207,0.1250,1
520,12'h208,0.9375,1
521,12'h209,0.4375,1
522,12'h20A,0.6875,1
523,12'h20B,0.1875,1
524,12'h20C,0.8125,1
525,12'h20D,0.3125,1
526,12'h20E,0.5625,1
527,12'h20F,0.0625,1
528,12'h210,0.9688,1
529,12'h211,0.4688,1
530,12'h212,0.7188,1
531,12'h213,0.2188,1
532,12'h214,0.8438,1
533,12'h215,0.3438,1
534,12'h216,0.5625,1
535,12'h217,0.0938,1
536,12'h218,0.9062,1
537,12'h219,0.4062,1
538,12'h21A,0.6562,1
539,12'h21B,0.1562,1
540,12'h21C,0.7812,1
541,12'h21D,0.2812,1
542,12'h21E,0.5312,1
543,12'h21F,0.0312,1
544,12'h220,1.0000,1
545,12'h221,0.5000,1
546,12'h222,0.7500,1
547,12'h223,0.2188,1
548,12'h224,0.8438,1
549,12'h225,0.3750,1
550,12'h226,0.5938,1
551,12'h227,0.1250,1
552,12'h228,0.9062,1
553,12'h229,0.4062,1
554,12'h22A,0.6875,1
555,12'h22B,0.1875,1
556,12'h22C,0.7812,1
557,12'h22D,0.3125,1
558,12'h22E,0.5625,1
559,12'h22F,0.0625,1
560,12'h230,0.9375,1
561,12'h231,0.4688,1
562,12'h232,0.6875,1
563,12'h233,0.1875,1
564,12'h234,0.8438,1
565,12'h235,0.3438,1
566,12'h236,0.5625,1
567,12'h237,0.0938,1
568,12'h238,0.9062,1
569,12'h239,0.4062,1
570,12'h23A,0.6562,1
571,12'h23B,0.1562,1
572,12'h23C,0.7812,1
573,12'h23D,0.2812,1
574,12'h23E,0.5000,1
575,12'h23F,0.0000,0
576,12'h240,1.0000,1
577,12'h241,0.5000,1
578,12'h242,0.7500,1
579,12'h243,0.2500,1
580,12'h244,0.8438,1
581,12'h245,0.3750,1
582,12'h246,0.5938,1
583,12'h247,0.1250,1
584,12'h248,0.9375,1
585,12'h249,0.4062,1
586,12'h24A,0.6875,1
587,12'h24B,0.1875,1
588,12'h24C,0.8125,1
589,12'h24D,0.3125,1
590,12'h24E,0.5625,1
591,12'h24F,0.0625,1
592,12'h250,0.9688,1
593,12'h251,0.4688,1
594,12'h252,0.7188,1
595,12'h253,0.2188,1
596,12'h254,0.8438,1
597,12'h255,0.3438,1
598,12'h256,0.5625,1
599,12'h257,0.0938,1
600,12'h258,0.9062,1
601,12'h259,0.4062,1
602,12'h25A,0.6562,1
603,12'h25B,0.1562,1
604,12'h25C,0.7812,1
605,12'h25D,0.2812,1
606,12'h25E,0.5000,1
607,12'h25F,0.0312,1
608,12'h260,1.0000,1
609,12'h261,0.4688,1
610,12'h262,0.7188,1
611,12'h263,0.2188,1
612,12'h264,0.8438,1
613,12'h265,0.3438,1
614,12'h266,0.5938,1
615,12'h267,0.0938,1
616,12'h268,0.9062,1
617,12'h269,0.4062,1
618,12'h26A,0.6875,1
619,12'h26B,0.1562,1
620,12'h26C,0.7812,1
621,12'h26D,0.2812,1
622,12'h26E,0.5312,1
623,12'h26F,0.0312,1
624,12'h270,0.9375,1
625,12'h271,0.4375,1
626,12'h272,0.6875,1
627,12'h273,0.1875,1
628,12'h274,0.8438,1
629,12'h275,0.3125,1
630,12'h276,0.5625,1
631,12'h277,0.0625,1
632,12'h278,0.9062,1
633,12'h279,0.4062,1
634,12'h27A,0.6250,1
635,12'h27B,0.1250,1
636,12'h27C,0.7500,1
637,12'h27D,0.2500,1
638,12'h27E,0.5000,1
639,12'h27F,0.0000,0
640,12'h280,1.0000,1
641,12'h281,0.5000,1
642,12'h282,0.7500,1
643,12'h283,0.2500,1
644,12'h284,0.8750,1
645,12'h285,0.3750,1
646,12'h286,0.6250,1
647,12'h287,0.1250,1
648,12'h288,0.9375,1
649,12'h289,0.4062,1
650,12'h28A,0.6875,1
651,12'h28B,0.1875,1
652,12'h28C,0.8125,1
653,12'h28D,0.3125,1
654,12'h28E,0.5625,1
655,12'h28F,0.0625,1
656,12'h290,0.9688,1
657,12'h291,0.4688,1
658,12'h292,0.7188,1
659,12'h293,0.2188,1
660,12'h294,0.8438,1
661,12'h295,0.3438,1
662,12'h296,0.5625,1
663,12'h297,0.0938,1
664,12'h298,0.9062,1
665,12'h299,0.4062,1
666,12'h29A,0.6562,1
667,12'h29B,0.1562,1
668,12'h29C,0.7812,1
669,12'h29D,0.2812,1
670,12'h29E,0.5312,1
671,12'h29F,0.0312,1
672,12'h2A0,1.0000,1
673,12'h2A1,0.4688,1
674,12'h2A2,0.7500,1
675,12'h2A3,0.2188,1
676,12'h2A4,0.8438,1
677,12'h2A5,0.3438,1
678,12'h2A6,0.5938,1
679,12'h2A7,0.0938,1
680,12'h2A8,0.9062,1
681,12'h2A9,0.4062,1
682,12'h2AA,0.6875,1
683,12'h2AB,0.1875,1
684,12'h2AC,0.7812,1
685,12'h2AD,0.3125,1
686,12'h2AE,0.5625,1
687,12'h2AF,0.0312,1
688,12'h2B0,0.9375,1
689,12'h2B1,0.4375,1
690,12'h2B2,0.6875,1
691,12'h2B3,0.1875,1
692,12'h2B4,0.8438,1
693,12'h2B5,0.3125,1
694,12'h2B6,0.5625,1
695,12'h2B7,0.0938,1
696,12'h2B8,0.9062,1
697,12'h2B9,0.4062,1
698,12'h2BA,0.6562,1
699,12'h2BB,0.1562,1
700,12'h2BC,0.7500,1
701,12'h2BD,0.2500,1
702,12'h2BE,0.5000,1
703,12'h2BF,0.0000,0
704,12'h2C0,1.0000,1
705,12'h2C1,0.5000,1
706,12'h2C2,0.7500,1
707,12'h2C3,0.2188,1
708,12'h2C4,0.8438,1
709,12'h2C5,0.3750,1
710,12'h2C6,0.5938,1
711,12'h2C7,0.1250,1
712,12'h2C8,0.9375,1
713,12'h2C9,0.4062,1
714,12'h2CA,0.6875,1
715,12'h2CB,0.1875,1
716,12'h2CC,0.7812,1
717,12'h2CD,0.3125,1
718,12'h2CE,0.5625,1
719,12'h2CF,0.0625,1
720,12'h2D0,0.9375,1
721,12'h2D1,0.4688,1
722,12'h2D2,0.7188,1
723,12'h2D3,0.2188,1
724,12'h2D4,0.8438,1
725,12'h2D5,0.3438,1
726,12'h2D6,0.5625,1
727,12'h2D7,0.0938,1
728,12'h2D8,0.9062,1
729,12'h2D9,0.4062,1
730,12'h2DA,0.6562,1
731,12'h2DB,0.1562,1
732,12'h2DC,0.7812,1
733,12'h2DD,0.2812,1
734,12'h2DE,0.5000,1
735,12'h2DF,0.0312,1
736,12'h2E0,0.9688,1
737,12'h2E1,0.4688,1
738,12'h2E2,0.7188,1
739,12'h2E3,0.2188,1
740,12'h2E4,0.8438,1
741,12'h2E5,0.3438,1
742,12'h2E6,0.5938,1
743,12'h2E7,0.0938,1
744,12'h2E8,0.9062,1
745,12'h2E9,0.4062,1
746,12'h2EA,0.6875,1
747,12'h2EB,0.1562,1
748,12'h2EC,0.7812,1
749,12'h2ED,0.2812,1
750,12'h2EE,0.5312,1
751,12'h2EF,0.0312,1
752,12'h2F0,0.9375,1
753,12'h2F1,0.4375,1
754,12'h2F2,0.6875,1
755,12'h2F3,0.1875,1
756,12'h2F4,0.8125,1
757,12'h2F5,0.3125,1
758,12'h2F6,0.5625,1
759,12'h2F7,0.0625,1
760,12'h2F8,0.9062,1
761,12'h2F9,0.4062,1
762,12'h2FA,0.6250,1
763,12'h2FB,0.1250,1
764,12'h2FC,0.7500,1
765,12'h2FD,0.2500,1
766,12'h2FE,0.5000,1
767,12'h2FF,0.0000,0
768,12'h300,1.0000,1
769,12'h301,0.5000,1
770,12'h302,0.7500,1
771,12'h303,0.2500,1
772,12'h304,0.8750,1
773,12'h305,0.3750,1
774,12'h306,0.6250,1
775,12'h307,0.1250,1
776,12'h308,0.9375,1
777,12'h309,0.4375,1
778,12'h30A,0.6875,1
779,12'h30B,0.1875,1
780,12'h30C,0.8125,1
781,12'h30D,0.3125,1
782,12'h30E,0.5625,1
783,12'h30F,0.0625,1
784,12'h310,0.9688,1
785,12'h311,0.4688,1
786,12'h312,0.7188,1
787,12'h313,0.2188,1
788,12'h314,0.8438,1
789,12'h315,0.3438,1
790,12'h316,0.5625,1
791,12'h317,0.0938,1
792,12'h318,0.9062,1
793,12'h319,0.4062,1
794,12'h31A,0.6562,1
795,12'h31B,0.1562,1
796,12'h31C,0.7812,1
797,12'h31D,0.2812,1
798,12'h31E,0.5312,1
799,12'h31F,0.0312,1
800,12'h320,1.0000,1
801,12'h321,0.5000,1
802,12'h322,0.7500,1
803,12'h323,0.2188,1
804,12'h324,0.8438,1
805,12'h325,0.3438,1
806,12'h326,0.5938,1
807,12'h327,0.1250,1
808,12'h328,0.9062,1
809,12'h329,0.4062,1
810,12'h32A,0.6875,1
811,12'h32B,0.1875,1
812,12'h32C,0.7812,1
813,12'h32D,0.3125,1
814,12'h32E,0.5625,1
815,12'h32F,0.0312,1
816,12'h330,0.9375,1
817,12'h331,0.4375,1
818,12'h332,0.6875,1
819,12'h333,0.1875,1
820,12'h334,0.8438,1
821,12'h335,0.3438,1
822,12'h336,0.5625,1
823,12'h337,0.0938,1
824,12'h338,0.9062,1
825,12'h339,0.4062,1
826,12'h33A,0.6562,1
827,12'h33B,0.1562,1
828,12'h33C,0.7812,1
829,12'h33D,0.2500,1
830,12'h33E,0.5000,1
831,12'h33F,0.0000,0
832,12'h340,1.0000,1
833,12'h341,0.5000,1
834,12'h342,0.7500,1
835,12'h343,0.2500,1
836,12'h344,0.8438,1
837,12'h345,0.3750,1
838,12'h346,0.5938,1
839,12'h347,0.1250,1
840,12'h348,0.9375,1
841,12'h349,0.4062,1
842,12'h34A,0.6875,1
843,12'h34B,0.1875,1
844,12'h34C,0.7812,1
845,12'h34D,0.3125,1
846,12'h34E,0.5625,1
847,12'h34F,0.0625,1
848,12'h350,0.9688,1
849,12'h351,0.4688,1
850,12'h352,0.7188,1
851,12'h353,0.2188,1
852,12'h354,0.8438,1
853,12'h355,0.3438,1
854,12'h356,0.5625,1
855,12'h357,0.0938,1
856,12'h358,0.9062,1
857,12'h359,0.4062,1
858,12'h35A,0.6562,1
859,12'h35B,0.1562,1
860,12'h35C,0.7812,1
861,12'h35D,0.2812,1
862,12'h35E,0.5000,1
863,12'h35F,0.0312,1
864,12'h360,0.9688,1
865,12'h361,0.4688,1
866,12'h362,0.7188,1
867,12'h363,0.2188,1
868,12'h364,0.8438,1
869,12'h365,0.3438,1
870,12'h366,0.5938,1
871,12'h367,0.0938,1
872,12'h368,0.9062,1
873,12'h369,0.4062,1
874,12'h36A,0.6875,1
875,12'h36B,0.1562,1
876,12'h36C,0.7812,1
877,12'h36D,0.2812,1
878,12'h36E,0.5312,1
879,12'h36F,0.0312,1
880,12'h370,0.9375,1
881,12'h371,0.4375,1
882,12'h372,0.6875,1
883,12'h373,0.1875,1
884,12'h374,0.8125,1
885,12'h375,0.3125,1
886,12'h376,0.5625,1
887,12'h377,0.0625,1
888,12'h378,0.9062,1
889,12'h379,0.4062,1
890,12'h37A,0.6250,1
891,12'h37B,0.1250,1
892,12'h37C,0.7500,1
893,12'h37D,0.2500,1
894,12'h37E,0.5000,1
895,12'h37F,0.0000,0
896,12'h380,1.0000,1
897,12'h381,0.5000,1
898,12'h382,0.7500,1
899,12'h383,0.2500,1
900,12'h384,0.8438,1
901,12'h385,0.3750,1
902,12'h386,0.6250,1
903,12'h387,0.1250,1
904,12'h388,0.9375,1
905,12'h389,0.4062,1
906,12'h38A,0.6875,1
907,12'h38B,0.1875,1
908,12'h38C,0.8125,1
909,12'h38D,0.3125,1
910,12'h38E,0.5625,1
911,12'h38F,0.0625,1
912,12'h390,0.9688,1
913,12'h391,0.4688,1
914,12'h392,0.7188,1
915,12'h393,0.2188,1
916,12'h394,0.8438,1
917,12'h395,0.3438,1
918,12'h396,0.5625,1
919,12'h397,0.0938,1
920,12'h398,0.9062,1
921,12'h399,0.4062,1
922,12'h39A,0.6562,1
923,12'h39B,0.1562,1
924,12'h39C,0.7812,1
925,12'h39D,0.2812,1
926,12'h39E,0.5312,1
927,12'h39F,0.0312,1
928,12'h3A0,1.0000,1
929,12'h3A1,0.4688,1
930,12'h3A2,0.7188,1
931,12'h3A3,0.2188,1
932,12'h3A4,0.8438,1
933,12'h3A5,0.3438,1
934,12'h3A6,0.5938,1
935,12'h3A7,0.0938,1
936,12'h3A8,0.9062,1
937,12'h3A9,0.4062,1
938,12'h3AA,0.6875,1
939,12'h3AB,0.1875,1
940,12'h3AC,0.7812,1
941,12'h3AD,0.3125,1
942,12'h3AE,0.5625,1
943,12'h3AF,0.0312,1
944,12'h3B0,0.9375,1
945,12'h3B1,0.4375,1
946,12'h3B2,0.6875,1
947,12'h3B3,0.1875,1
948,12'h3B4,0.8438,1
949,12'h3B5,0.3125,1
950,12'h3B6,0.5625,1
951,12'h3B7,0.0938,1
952,12'h3B8,0.9062,1
953,12'h3B9,0.4062,1
954,12'h3BA,0.6562,1
955,12'h3BB,0.1250,1
956,12'h3BC,0.7500,1
957,12'h3BD,0.2500,1
958,12'h3BE,0.5000,1
959,12'h3BF,0.0000,0
960,12'h3C0,1.0000,1
961,12'h3C1,0.5000,1
962,12'h3C2,0.7500,1
963,12'h3C3,0.2188,1
964,12'h3C4,0.8438,1
965,12'h3C5,0.3750,1
966,12'h3C6,0.5938,1
967,12'h3C7,0.1250,1
968,12'h3C8,0.9375,1
969,12'h3C9,0.4062,1
970,12'h3CA,0.6875,1
971,12'h3CB,0.1875,1
972,12'h3CC,0.7812,1
973,12'h3CD,0.3125,1
974,12'h3CE,0.5625,1
975,12'h3CF,0.0625,1
976,12'h3D0,0.9375,1
977,12'h3D1,0.4688,1
978,12'h3D2,0.6875,1
979,12'h3D3,0.1875,1
980,12'h3D4,0.8438,1
981,12'h3D5,0.3438,1
982,12'h3D6,0.5625,1
983,12'h3D7,0.0938,1
984,12'h3D8,0.9062,1
985,12'h3D9,0.4062,1
986,12'h3DA,0.6562,1
987,12'h3DB,0.1562,1
988,12'h3DC,0.7812,1
989,12'h3DD,0.2812,1
990,12'h3DE,0.5000,1
991,12'h3DF,0.0000,0
992,12'h3E0,0.9688,1
993,12'h3E1,0.4688,1
994,12'h3E2,0.7188,1
995,12'h3E3,0.2188,1
996,12'h3E4,0.8438,1
997,12'h3E5,0.3438,1
998,12'h3E6,0.5938,1
999,12'h3E7,0.0938,1
1000,12'h3E8,0.9062,1
1001,12'h3E9,0.4062,1
1002,12'h3EA,0.6562,1
1003,12'h3EB,0.1562,1
1004,12'h3EC,0.7812,1
1005,12'h3ED,0.2812,1
1006,12'h3EE,0.5312,1
1007,12'h3EF,0.0312,1
1008,12'h3F0,0.9375,1
1009,12'h3F1,0.4375,1
1010,12'h3F2,0.6875,1
1011,12'h3F3,0.1875,1
1012,12'h3F4,0.8125,1
1013,12'h3F5,0.3125,1
1014,12'h3F6,0.5625,1
1015,12'h3F7,0.0625,1
1016,12'h3F8,0.9062,1
1017,12'h3F9,0.3750,1
1018,12'h3FA,0.6250,1
1019,12'h3FB,0.1250,1
1020,12'h3FC,0.7500,1
1021,12'h3FD,0.2500,1
1022,12'h3FE,0.5000,1
1023,12'h3FF,0.0000,0
1024,12'h400,1.0000,1
1025,12'h401,0.5000,1
1026,12'h402,0.7500,1
1027,12'h403,0.2500,1
1028,12'h404,0.8750,1
1029,12'h405,0.3750,1
1030,12'h406,0.6250,1
1031,12'h407,0.1250,1
1032,12'h408,0.9375,1
1033,12'h409,0.4375,1
1034,12'h40A,0.6875,1
1035,12'h40B,0.1875,1
1036,12'h40C,0.8125,1
1037,12'h40D,0.3125,1
1038,12'h40E,0.5625,1
1039,12'h40F,0.0625,1
1040,12'h410,0.9688,1
1041,12'h411,0.4688,1
1042,12'h412,0.7188,1
1043,12'h413,0.2188,1
1044,12'h414,0.8438,1
1045,12'h415,0.3438,1
1046,12'h416,0.5625,1
1047,12'h417,0.0938,1
1048,12'h418,0.9062,1
1049,12'h419,0.4062,1
1050,12'h41A,0.6562,1
1051,12'h41B,0.1562,1
1052,12'h41C,0.7812,1
1053,12'h41D,0.2812,1
1054,12'h41E,0.5312,1
1055,12'h41F,0.0312,1
1056,12'h420,1.0000,1
1057,12'h421,0.5000,1
1058,12'h422,0.7500,1
1059,12'h423,0.2188,1
1060,12'h424,0.8438,1
1061,12'h425,0.3750,1
1062,12'h426,0.5938,1
1063,12'h427,0.1250,1
1064,12'h428,0.9062,1
1065,12'h429,0.4062,1
1066,12'h42A,0.6875,1
1067,12'h42B,0.1875,1
1068,12'h42C,0.7812,1
1069,12'h42D,0.3125,1
1070,12'h42E,0.5625,1
1071,12'h42F,0.0625,1
1072,12'h430,0.9375,1
1073,12'h431,0.4688,1
1074,12'h432,0.6875,1
1075,12'h433,0.1875,1
1076,12'h434,0.8438,1
1077,12'h435,0.3438,1
1078,12'h436,0.5625,1
1079,12'h437,0.0938,1
1080,12'h438,0.9062,1
1081,12'h439,0.4062,1
1082,12'h43A,0.6562,1
1083,12'h43B,0.1562,1
1084,12'h43C,0.7812,1
1085,12'h43D,0.2812,1
1086,12'h43E,0.5000,1
1087,12'h43F,0.0000,0
1088,12'h440,1.0000,1
1089,12'h441,0.5000,1
1090,12'h442,0.7500,1
1091,12'h443,0.2500,1
1092,12'h444,0.8438,1
1093,12'h445,0.3750,1
1094,12'h446,0.5938,1
1095,12'h447,0.1250,1
1096,12'h448,0.9375,1
1097,12'h449,0.4062,1
1098,12'h44A,0.6875,1
1099,12'h44B,0.1875,1
1100,12'h44C,0.8125,1
1101,12'h44D,0.3125,1
1102,12'h44E,0.5625,1
1103,12'h44F,0.0625,1
1104,12'h450,0.9688,1
1105,12'h451,0.4688,1
1106,12'h452,0.7188,1
1107,12'h453,0.2188,1
1108,12'h454,0.8438,1
1109,12'h455,0.3438,1
1110,12'h456,0.5625,1
1111,12'h457,0.0938,1
1112,12'h458,0.9062,1
1113,12'h459,0.4062,1
1114,12'h45A,0.6562,1
1115,12'h45B,0.1562,1
1116,12'h45C,0.7812,1
1117,12'h45D,0.2812,1
1118,12'h45E,0.5000,1
1119,12'h45F,0.0312,1
1120,12'h460,1.0000,1
1121,12'h461,0.4688,1
1122,12'h462,0.7188,1
1123,12'h463,0.2188,1
1124,12'h464,0.8438,1
1125,12'h465,0.3438,1
1126,12'h466,0.5938,1
1127,12'h467,0.0938,1
1128,12'h468,0.9062,1
1129,12'h469,0.4062,1
1130,12'h46A,0.6875,1
1131,12'h46B,0.1562,1
1132,12'h46C,0.7812,1
1133,12'h46D,0.3125,1
1134,12'h46E,0.5312,1
1135,12'h46F,0.0312,1
1136,12'h470,0.9375,1
1137,12'h471,0.4375,1
1138,12'h472,0.6875,1
1139,12'h473,0.1875,1
1140,12'h474,0.8438,1
1141,12'h475,0.3125,1
1142,12'h476,0.5625,1
1143,12'h477,0.0938,1
1144,12'h478,0.9062,1
1145,12'h479,0.4062,1
1146,12'h47A,0.6250,1
1147,12'h47B,0.1250,1
1148,12'h47C,0.7500,1
1149,12'h47D,0.2500,1
1150,12'h47E,0.5000,1
1151,12'h47F,0.0000,0
1152,12'h480,1.0000,1
1153,12'h481,0.5000,1
1154,12'h482,0.7500,1
1155,12'h483,0.2500,1
1156,12'h484,0.8750,1
1157,12'h485,0.3750,1
1158,12'h486,0.6250,1
1159,12'h487,0.1250,1
1160,12'h488,0.9375,1
1161,12'h489,0.4375,1
1162,12'h48A,0.6875,1
1163,12'h48B,0.1875,1
1164,12'h48C,0.8125,1
1165,12'h48D,0.3125,1
1166,12'h48E,0.5625,1
1167,12'h48F,0.0625,1
1168,12'h490,0.9688,1
1169,12'h491,0.4688,1
1170,12'h492,0.7188,1
1171,12'h493,0.2188,1
1172,12'h494,0.8438,1
1173,12'h495,0.3438,1
1174,12'h496,0.5625,1
1175,12'h497,0.0938,1
1176,12'h498,0.9062,1
1177,12'h499,0.4062,1
1178,12'h49A,0.6562,1
1179,12'h49B,0.1562,1
1180,12'h49C,0.7812,1
1181,12'h49D,0.2812,1
1182,12'h49E,0.5312,1
1183,12'h49F,0.0312,1
1184,12'h4A0,1.0000,1
1185,12'h4A1,0.4688,1
1186,12'h4A2,0.7500,1
1187,12'h4A3,0.2188,1
1188,12'h4A4,0.8438,1
1189,12'h4A5,0.3438,1
1190,12'h4A6,0.5938,1
1191,12'h4A7,0.0938,1
1192,12'h4A8,0.9062,1
1193,12'h4A9,0.4062,1
1194,12'h4AA,0.6875,1
1195,12'h4AB,0.1875,1
1196,12'h4AC,0.7812,1
1197,12'h4AD,0.3125,1
1198,12'h4AE,0.5625,1
1199,12'h4AF,0.0312,1
1200,12'h4B0,0.9375,1
1201,12'h4B1,0.4375,1
1202,12'h4B2,0.6875,1
1203,12'h4B3,0.1875,1
1204,12'h4B4,0.8438,1
1205,12'h4B5,0.3125,1
1206,12'h4B6,0.5625,1
1207,12'h4B7,0.0938,1
1208,12'h4B8,0.9062,1
1209,12'h4B9,0.4062,1
1210,12'h4BA,0.6562,1
1211,12'h4BB,0.1562,1
1212,12'h4BC,0.7500,1
1213,12'h4BD,0.2500,1
1214,12'h4BE,0.5000,1
1215,12'h4BF,0.0000,0
1216,12'h4C0,1.0000,1
1217,12'h4C1,0.5000,1
1218,12'h4C2,0.7500,1
1219,12'h4C3,0.2500,1
1220,12'h4C4,0.8438,1
1221,12'h4C5,0.3750,1
1222,12'h4C6,0.5938,1
1223,12'h4C7,0.1250,1
1224,12'h4C8,0.9375,1
1225,12'h4C9,0.4062,1
1226,12'h4CA,0.6875,1
1227,12'h4CB,0.1875,1
1228,12'h4CC,0.7812,1
1229,12'h4CD,0.3125,1
1230,12'h4CE,0.5625,1
1231,12'h4CF,0.0625,1
1232,12'h4D0,0.9375,1
1233,12'h4D1,0.4688,1
1234,12'h4D2,0.7188,1
1235,12'h4D3,0.2188,1
1236,12'h4D4,0.8438,1
1237,12'h4D5,0.3438,1
1238,12'h4D6,0.5625,1
1239,12'h4D7,0.0938,1
1240,12'h4D8,0.9062,1
1241,12'h4D9,0.4062,1
1242,12'h4DA,0.6562,1
1243,12'h4DB,0.1562,1
1244,12'h4DC,0.7812,1
1245,12'h4DD,0.2812,1
1246,12'h4DE,0.5000,1
1247,12'h4DF,0.0312,1
1248,12'h4E0,0.9688,1
1249,12'h4E1,0.4688,1
1250,12'h4E2,0.7188,1
1251,12'h4E3,0.2188,1
1252,12'h4E4,0.8438,1
1253,12'h4E5,0.3438,1
1254,12'h4E6,0.5938,1
1255,12'h4E7,0.0938,1
1256,12'h4E8,0.9062,1
1257,12'h4E9,0.4062,1
1258,12'h4EA,0.6875,1
1259,12'h4EB,0.1562,1
1260,12'h4EC,0.7812,1
1261,12'h4ED,0.2812,1
1262,12'h4EE,0.5312,1
1263,12'h4EF,0.0312,1
1264,12'h4F0,0.9375,1
1265,12'h4F1,0.4375,1
1266,12'h4F2,0.6875,1
1267,12'h4F3,0.1875,1
1268,12'h4F4,0.8125,1
1269,12'h4F5,0.3125,1
1270,12'h4F6,0.5625,1
1271,12'h4F7,0.0625,1
1272,12'h4F8,0.9062,1
1273,12'h4F9,0.4062,1
1274,12'h4FA,0.6250,1
1275,12'h4FB,0.1250,1
1276,12'h4FC,0.7500,1
1277,12'h4FD,0.2500,1
1278,12'h4FE,0.5000,1
1279,12'h4FF,0.0000,0
1280,12'h500,1.0000,1
1281,12'h501,0.5000,1
1282,12'h502,0.7500,1
1283,12'h503,0.2500,1
1284,12'h504,0.8750,1
1285,12'h505,0.3750,1
1286,12'h506,0.6250,1
1287,12'h507,0.1250,1
1288,12'h508,0.9375,1
1289,12'h509,0.4375,1
1290,12'h50A,0.6875,1
1291,12'h50B,0.1875,1
1292,12'h50C,0.8125,1
1293,12'h50D,0.3125,1
1294,12'h50E,0.5625,1
1295,12'h50F,0.0625,1
1296,12'h510,0.9688,1
1297,12'h511,0.4688,1
1298,12'h512,0.7188,1
1299,12'h513,0.2188,1
1300,12'h514,0.8438,1
1301,12'h515,0.3438,1
1302,12'h516,0.5625,1
1303,12'h517,0.0938,1
1304,12'h518,0.9062,1
1305,12'h519,0.4062,1
1306,12'h51A,0.6562,1
1307,12'h51B,0.1562,1
1308,12'h51C,0.7812,1
1309,12'h51D,0.2812,1
1310,12'h51E,0.5312,1
1311,12'h51F,0.0312,1
1312,12'h520,1.0000,1
1313,12'h521,0.5000,1
1314,12'h522,0.7500,1
1315,12'h523,0.2188,1
1316,12'h524,0.8438,1
1317,12'h525,0.3750,1
1318,12'h526,0.5938,1
1319,12'h527,0.1250,1
1320,12'h528,0.9062,1
1321,12'h529,0.4062,1
1322,12'h52A,0.6875,1
1323,12'h52B,0.1875,1
1324,12'h52C,0.7812,1
1325,12'h52D,0.3125,1
1326,12'h52E,0.5625,1
1327,12'h52F,0.0312,1
1328,12'h530,0.9375,1
1329,12'h531,0.4688,1
1330,12'h532,0.6875,1
1331,12'h533,0.1875,1
1332,12'h534,0.8438,1
1333,12'h535,0.3438,1
1334,12'h536,0.5625,1
1335,12'h537,0.0938,1
1336,12'h538,0.9062,1
1337,12'h539,0.4062,1
1338,12'h53A,0.6562,1
1339,12'h53B,0.1562,1
1340,12'h53C,0.7812,1
1341,12'h53D,0.2500,1
1342,12'h53E,0.5000,1
1343,12'h53F,0.0000,0
1344,12'h540,1.0000,1
1345,12'h541,0.5000,1
1346,12'h542,0.7500,1
1347,12'h543,0.2500,1
1348,12'h544,0.8438,1
1349,12'h545,0.3750,1
1350,12'h546,0.5938,1
1351,12'h547,0.1250,1
1352,12'h548,0.9375,1
1353,12'h549,0.4062,1
1354,12'h54A,0.6875,1
1355,12'h54B,0.1875,1
1356,12'h54C,0.7812,1
1357,12'h54D,0.3125,1
1358,12'h54E,0.5625,1
1359,12'h54F,0.0625,1
1360,12'h550,0.9688,1
1361,12'h551,0.4688,1
1362,12'h552,0.7188,1
1363,12'h553,0.2188,1
1364,12'h554,0.8438,1
1365,12'h555,0.3438,1
1366,12'h556,0.5625,1
1367,12'h557,0.0938,1
1368,12'h558,0.9062,1
1369,12'h559,0.4062,1
1370,12'h55A,0.6562,1
1371,12'h55B,0.1562,1
1372,12'h55C,0.7812,1
1373,12'h55D,0.2812,1
1374,12'h55E,0.5000,1
1375,12'h55F,0.0312,1
1376,12'h560,0.9688,1
1377,12'h561,0.4688,1
1378,12'h562,0.7188,1
1379,12'h563,0.2188,1
1380,12'h564,0.8438,1
1381,12'h565,0.3438,1
1382,12'h566,0.5938,1
1383,12'h567,0.0938,1
1384,12'h568,0.9062,1
1385,12'h569,0.4062,1
1386,12'h56A,0.6875,1
1387,12'h56B,0.1562,1
1388,12'h56C,0.7812,1
1389,12'h56D,0.2812,1
1390,12'h56E,0.5312,1
1391,12'h56F,0.0312,1
1392,12'h570,0.9375,1
1393,12'h571,0.4375,1
1394,12'h572,0.6875,1
1395,12'h573,0.1875,1
1396,12'h574,0.8125,1
1397,12'h575,0.3125,1
1398,12'h576,0.5625,1
1399,12'h577,0.0625,1
1400,12'h578,0.9062,1
1401,12'h579,0.4062,1
1402,12'h57A,0.6250,1
1403,12'h57B,0.1250,1
1404,12'h57C,0.7500,1
1405,12'h57D,0.2500,1
1406,12'h57E,0.5000,1
1407,12'h57F,0.0000,0
1408,12'h580,1.0000,1
1409,12'h581,0.5000,1
1410,12'h582,0.7500,1
1411,12'h583,0.2500,1
1412,12'h584,0.8438,1
1413,12'h585,0.3750,1
1414,12'h586,0.6250,1
1415,12'h587,0.1250,1
1416,12'h588,0.9375,1
1417,12'h589,0.4062,1
1418,12'h58A,0.6875,1
1419,12'h58B,0.1875,1
1420,12'h58C,0.8125,1
1421,12'h58D,0.3125,1
1422,12'h58E,0.5625,1
1423,12'h58F,0.0625,1
1424,12'h590,0.9688,1
1425,12'h591,0.4688,1
1426,12'h592,0.7188,1
1427,12'h593,0.2188,1
1428,12'h594,0.8438,1
1429,12'h595,0.3438,1
1430,12'h596,0.5625,1
1431,12'h597,0.0938,1
1432,12'h598,0.9062,1
1433,12'h599,0.4062,1
1434,12'h59A,0.6562,1
1435,12'h59B,0.1562,1
1436,12'h59C,0.7812,1
1437,12'h59D,0.2812,1
1438,12'h59E,0.5312,1
1439,12'h59F,0.0312,1
1440,12'h5A0,1.0000,1
1441,12'h5A1,0.4688,1
1442,12'h5A2,0.7500,1
1443,12'h5A3,0.2188,1
1444,12'h5A4,0.8438,1
1445,12'h5A5,0.3438,1
1446,12'h5A6,0.5938,1
1447,12'h5A7,0.0938,1
1448,12'h5A8,0.9062,1
1449,12'h5A9,0.4062,1
1450,12'h5AA,0.6875,1
1451,12'h5AB,0.1875,1
1452,12'h5AC,0.7812,1
1453,12'h5AD,0.3125,1
1454,12'h5AE,0.5625,1
1455,12'h5AF,0.0312,1
1456,12'h5B0,0.9375,1
1457,12'h5B1,0.4375,1
1458,12'h5B2,0.6875,1
1459,12'h5B3,0.1875,1
1460,12'h5B4,0.8438,1
1461,12'h5B5,0.3125,1
1462,12'h5B6,0.5625,1
1463,12'h5B7,0.0938,1
1464,12'h5B8,0.9062,1
1465,12'h5B9,0.4062,1
1466,12'h5BA,0.6562,1
1467,12'h5BB,0.1562,1
1468,12'h5BC,0.7500,1
1469,12'h5BD,0.2500,1
1470,12'h5BE,0.5000,1
1471,12'h5BF,0.0000,0
1472,12'h5C0,1.0000,1
1473,12'h5C1,0.5000,1
1474,12'h5C2,0.7500,1
1475,12'h5C3,0.2188,1
1476,12'h5C4,0.8438,1
1477,12'h5C5,0.3750,1
1478,12'h5C6,0.5938,1
1479,12'h5C7,0.1250,1
1480,12'h5C8,0.9375,1
1481,12'h5C9,0.4062,1
1482,12'h5CA,0.6875,1
1483,12'h5CB,0.1875,1
1484,12'h5CC,0.7812,1
1485,12'h5CD,0.3125,1
1486,12'h5CE,0.5625,1
1487,12'h5CF,0.0625,1
1488,12'h5D0,0.9375,1
1489,12'h5D1,0.4688,1
1490,12'h5D2,0.7188,1
1491,12'h5D3,0.2188,1
1492,12'h5D4,0.8438,1
1493,12'h5D5,0.3438,1
1494,12'h5D6,0.5625,1
1495,12'h5D7,0.0938,1
1496,12'h5D8,0.9062,1
1497,12'h5D9,0.4062,1
1498,12'h5DA,0.6562,1
1499,12'h5DB,0.1562,1
1500,12'h5DC,0.7812,1
1501,12'h5DD,0.2812,1
1502,12'h5DE,0.5000,1
1503,12'h5DF,0.0000,0
1504,12'h5E0,0.9688,1
1505,12'h5E1,0.4688,1
1506,12'h5E2,0.7188,1
1507,12'h5E3,0.2188,1
1508,12'h5E4,0.8438,1
1509,12'h5E5,0.3438,1
1510,12'h5E6,0.5938,1
1511,12'h5E7,0.0938,1
1512,12'h5E8,0.9062,1
1513,12'h5E9,0.4062,1
1514,12'h5EA,0.6562,1
1515,12'h5EB,0.1562,1
1516,12'h5EC,0.7812,1
1517,12'h5ED,0.2812,1
1518,12'h5EE,0.5312,1
1519,12'h5EF,0.0312,1
1520,12'h5F0,0.9375,1
1521,12'h5F1,0.4375,1
1522,12'h5F2,0.6875,1
1523,12'h5F3,0.1875,1
1524,12'h5F4,0.8125,1
1525,12'h5F5,0.3125,1
1526,12'h5F6,0.5625,1
1527,12'h5F7,0.0625,1
1528,12'h5F8,0.9062,1
1529,12'h5F9,0.3750,1
1530,12'h5FA,0.6250,1
1531,12'h5FB,0.1250,1
1532,12'h5FC,0.7500,1
1533,12'h5FD,0.2500,1
1534,12'h5FE,0.5000,1
1535,12'h5FF,0.0000,0
1536,12'h600,1.0000,1
1537,12'h601,0.5000,1
1538,12'h602,0.7500,1
1539,12'h603,0.2500,1
1540,12'h604,0.8750,1
1541,12'h605,0.3750,1
1542,12'h606,0.6250,1
1543,12'h607,0.1250,1
1544,12'h608,0.9375,1
1545,12'h609,0.4375,1
1546,12'h60A,0.6875,1
1547,12'h60B,0.1875,1
1548,12'h60C,0.8125,1
1549,12'h60D,0.3125,1
1550,12'h60E,0.5625,1
1551,12'h60F,0.0625,1
1552,12'h610,0.9688,1
1553,12'h611,0.4688,1
1554,12'h612,0.7188,1
1555,12'h613,0.2188,1
1556,12'h614,0.8438,1
1557,12'h615,0.3438,1
1558,12'h616,0.5625,1
1559,12'h617,0.0938,1
1560,12'h618,0.9062,1
1561,12'h619,0.4062,1
1562,12'h61A,0.6562,1
1563,12'h61B,0.1562,1
1564,12'h61C,0.7812,1
1565,12'h61D,0.2812,1
1566,12'h61E,0.5312,1
1567,12'h61F,0.0312,1
1568,12'h620,1.0000,1
1569,12'h621,0.5000,1
1570,12'h622,0.7500,1
1571,12'h623,0.2188,1
1572,12'h624,0.8438,1
1573,12'h625,0.3750,1
1574,12'h626,0.5938,1
1575,12'h627,0.1250,1
1576,12'h628,0.9062,1
1577,12'h629,0.4062,1
1578,12'h62A,0.6875,1
1579,12'h62B,0.1875,1
1580,12'h62C,0.7812,1
1581,12'h62D,0.3125,1
1582,12'h62E,0.5625,1
1583,12'h62F,0.0625,1
1584,12'h630,0.9375,1
1585,12'h631,0.4688,1
1586,12'h632,0.6875,1
1587,12'h633,0.1875,1
1588,12'h634,0.8438,1
1589,12'h635,0.3438,1
1590,12'h636,0.5625,1
1591,12'h637,0.0938,1
1592,12'h638,0.9062,1
1593,12'h639,0.4062,1
1594,12'h63A,0.6562,1
1595,12'h63B,0.1562,1
1596,12'h63C,0.7812,1
1597,12'h63D,0.2812,1
1598,12'h63E,0.5000,1
1599,12'h63F,0.0000,0
1600,12'h640,1.0000,1
1601,12'h641,0.5000,1
1602,12'h642,0.7500,1
1603,12'h643,0.2500,1
1604,12'h644,0.8438,1
1605,12'h645,0.3750,1
1606,12'h646,0.5938,1
1607,12'h647,0.1250,1
1608,12'h648,0.9375,1
1609,12'h649,0.4062,1
1610,12'h64A,0.6875,1
1611,12'h64B,0.1875,1
1612,12'h64C,0.8125,1
1613,12'h64D,0.3125,1
1614,12'h64E,0.5625,1
1615,12'h64F,0.0625,1
1616,12'h650,0.9688,1
1617,12'h651,0.4688,1
1618,12'h652,0.7188,1
1619,12'h653,0.2188,1
1620,12'h654,0.8438,1
1621,12'h655,0.3438,1
1622,12'h656,0.5625,1
1623,12'h657,0.0938,1
1624,12'h658,0.9062,1
1625,12'h659,0.4062,1
1626,12'h65A,0.6562,1
1627,12'h65B,0.1562,1
1628,12'h65C,0.7812,1
1629,12'h65D,0.2812,1
1630,12'h65E,0.5000,1
1631,12'h65F,0.0312,1
1632,12'h660,1.0000,1
1633,12'h661,0.4688,1
1634,12'h662,0.7188,1
1635,12'h663,0.2188,1
1636,12'h664,0.8438,1
1637,12'h665,0.3438,1
1638,12'h666,0.5938,1
1639,12'h667,0.0938,1
1640,12'h668,0.9062,1
1641,12'h669,0.4062,1
1642,12'h66A,0.6875,1
1643,12'h66B,0.1562,1
1644,12'h66C,0.7812,1
1645,12'h66D,0.2812,1
1646,12'h66E,0.5312,1
1647,12'h66F,0.0312,1
1648,12'h670,0.9375,1
1649,12'h671,0.4375,1
1650,12'h672,0.6875,1
1651,12'h673,0.1875,1
1652,12'h674,0.8438,1
1653,12'h675,0.3125,1
1654,12'h676,0.5625,1
1655,12'h677,0.0625,1
1656,12'h678,0.9062,1
1657,12'h679,0.4062,1
1658,12'h67A,0.6250,1
1659,12'h67B,0.1250,1
1660,12'h67C,0.7500,1
1661,12'h67D,0.2500,1
1662,12'h67E,0.5000,1
1663,12'h67F,0.0000,0
1664,12'h680,1.0000,1
1665,12'h681,0.5000,1
1666,12'h682,0.7500,1
1667,12'h683,0.2500,1
1668,12'h684,0.8750,1
1669,12'h685,0.3750,1
1670,12'h686,0.6250,1
1671,12'h687,0.1250,1
1672,12'h688,0.9375,1
1673,12'h689,0.4062,1
1674,12'h68A,0.6875,1
1675,12'h68B,0.1875,1
1676,12'h68C,0.8125,1
1677,12'h68D,0.3125,1
1678,12'h68E,0.5625,1
1679,12'h68F,0.0625,1
1680,12'h690,0.9688,1
1681,12'h691,0.4688,1
1682,12'h692,0.7188,1
1683,12'h693,0.2188,1
1684,12'h694,0.8438,1
1685,12'h695,0.3438,1
1686,12'h696,0.5625,1
1687,12'h697,0.0938,1
1688,12'h698,0.9062,1
1689,12'h699,0.4062,1
1690,12'h69A,0.6562,1
1691,12'h69B,0.1562,1
1692,12'h69C,0.7812,1
1693,12'h69D,0.2812,1
1694,12'h69E,0.5312,1
1695,12'h69F,0.0312,1
1696,12'h6A0,1.0000,1
1697,12'h6A1,0.4688,1
1698,12'h6A2,0.7500,1
1699,12'h6A3,0.2188,1
1700,12'h6A4,0.8438,1
1701,12'h6A5,0.3438,1
1702,12'h6A6,0.5938,1
1703,12'h6A7,0.0938,1
1704,12'h6A8,0.9062,1
1705,12'h6A9,0.4062,1
1706,12'h6AA,0.6875,1
1707,12'h6AB,0.1875,1
1708,12'h6AC,0.7812,1
1709,12'h6AD,0.3125,1
1710,12'h6AE,0.5625,1
1711,12'h6AF,0.0312,1
1712,12'h6B0,0.9375,1
1713,12'h6B1,0.4375,1
1714,12'h6B2,0.6875,1
1715,12'h6B3,0.1875,1
1716,12'h6B4,0.8438,1
1717,12'h6B5,0.3125,1
1718,12'h6B6,0.5625,1
1719,12'h6B7,0.0938,1
1720,12'h6B8,0.9062,1
1721,12'h6B9,0.4062,1
1722,12'h6BA,0.6562,1
1723,12'h6BB,0.1562,1
1724,12'h6BC,0.7500,1
1725,12'h6BD,0.2500,1
1726,12'h6BE,0.5000,1
1727,12'h6BF,0.0000,0
1728,12'h6C0,1.0000,1
1729,12'h6C1,0.5000,1
1730,12'h6C2,0.7500,1
1731,12'h6C3,0.2188,1
1732,12'h6C4,0.8438,1
1733,12'h6C5,0.3750,1
1734,12'h6C6,0.5938,1
1735,12'h6C7,0.1250,1
1736,12'h6C8,0.9375,1
1737,12'h6C9,0.4062,1
1738,12'h6CA,0.6875,1
1739,12'h6CB,0.1875,1
1740,12'h6CC,0.7812,1
1741,12'h6CD,0.3125,1
1742,12'h6CE,0.5625,1
1743,12'h6CF,0.0625,1
1744,12'h6D0,0.9375,1
1745,12'h6D1,0.4688,1
1746,12'h6D2,0.7188,1
1747,12'h6D3,0.2188,1
1748,12'h6D4,0.8438,1
1749,12'h6D5,0.3438,1
1750,12'h6D6,0.5625,1
1751,12'h6D7,0.0938,1
1752,12'h6D8,0.9062,1
1753,12'h6D9,0.4062,1
1754,12'h6DA,0.6562,1
1755,12'h6DB,0.1562,1
1756,12'h6DC,0.7812,1
1757,12'h6DD,0.2812,1
1758,12'h6DE,0.5000,1
1759,12'h6DF,0.0312,1
1760,12'h6E0,0.9688,1
1761,12'h6E1,0.4688,1
1762,12'h6E2,0.7188,1
1763,12'h6E3,0.2188,1
1764,12'h6E4,0.8438,1
1765,12'h6E5,0.3438,1
1766,12'h6E6,0.5938,1
1767,12'h6E7,0.0938,1
1768,12'h6E8,0.9062,1
1769,12'h6E9,0.4062,1
1770,12'h6EA,0.6875,1
1771,12'h6EB,0.1562,1
1772,12'h6EC,0.7812,1
1773,12'h6ED,0.2812,1
1774,12'h6EE,0.5312,1
1775,12'h6EF,0.0312,1
1776,12'h6F0,0.9375,1
1777,12'h6F1,0.4375,1
1778,12'h6F2,0.6875,1
1779,12'h6F3,0.1875,1
1780,12'h6F4,0.8125,1
1781,12'h6F5,0.3125,1
1782,12'h6F6,0.5625,1
1783,12'h6F7,0.0625,1
1784,12'h6F8,0.9062,1
1785,12'h6F9,0.3750,1
1786,12'h6FA,0.6250,1
1787,12'h6FB,0.1250,1
1788,12'h6FC,0.7500,1
1789,12'h6FD,0.2500,1
1790,12'h6FE,0.5000,1
1791,12'h6FF,0.0000,0
1792,12'h700,1.0000,1
1793,12'h701,0.5000,1
1794,12'h702,0.7500,1
1795,12'h703,0.2500,1
1796,12'h704,0.8750,1
1797,12'h705,0.3750,1
1798,12'h706,0.6250,1
1799,12'h707,0.1250,1
1800,12'h708,0.9375,1
1801,12'h709,0.4375,1
1802,12'h70A,0.6875,1
1803,12'h70B,0.1875,1
1804,12'h70C,0.8125,1
1805,12'h70D,0.3125,1
1806,12'h70E,0.5625,1
1807,12'h70F,0.0625,1
1808,12'h710,0.9688,1
1809,12'h711,0.4688,1
1810,12'h712,0.7188,1
1811,12'h713,0.2188,1
1812,12'h714,0.8438,1
1813,12'h715,0.3438,1
1814,12'h716,0.5625,1
1815,12'h717,0.0938,1
1816,12'h718,0.9062,1
1817,12'h719,0.4062,1
1818,12'h71A,0.6562,1
1819,12'h71B,0.1562,1
1820,12'h71C,0.7812,1
1821,12'h71D,0.2812,1
1822,12'h71E,0.5312,1
1823,12'h71F,0.0312,1
1824,12'h720,1.0000,1
1825,12'h721,0.5000,1
1826,12'h722,0.7500,1
1827,12'h723,0.2188,1
1828,12'h724,0.8438,1
1829,12'h725,0.3438,1
1830,12'h726,0.5938,1
1831,12'h727,0.1250,1
1832,12'h728,0.9062,1
1833,12'h729,0.4062,1
1834,12'h72A,0.6875,1
1835,12'h72B,0.1875,1
1836,12'h72C,0.7812,1
1837,12'h72D,0.3125,1
1838,12'h72E,0.5625,1
1839,12'h72F,0.0312,1
1840,12'h730,0.9375,1
1841,12'h731,0.4375,1
1842,12'h732,0.6875,1
1843,12'h733,0.1875,1
1844,12'h734,0.8438,1
1845,12'h735,0.3438,1
1846,12'h736,0.5625,1
1847,12'h737,0.0938,1
1848,12'h738,0.9062,1
1849,12'h739,0.4062,1
1850,12'h73A,0.6562,1
1851,12'h73B,0.1562,1
1852,12'h73C,0.7812,1
1853,12'h73D,0.2500,1
1854,12'h73E,0.5000,1
1855,12'h73F,0.0000,0
1856,12'h740,1.0000,1
1857,12'h741,0.5000,1
1858,12'h742,0.7500,1
1859,12'h743,0.2500,1
1860,12'h744,0.8438,1
1861,12'h745,0.3750,1
1862,12'h746,0.5938,1
1863,12'h747,0.1250,1
1864,12'h748,0.9375,1
1865,12'h749,0.4062,1
1866,12'h74A,0.6875,1
1867,12'h74B,0.1875,1
1868,12'h74C,0.7812,1
1869,12'h74D,0.3125,1
1870,12'h74E,0.5625,1
1871,12'h74F,0.0625,1
1872,12'h750,0.9688,1
1873,12'h751,0.4688,1
1874,12'h752,0.7188,1
1875,12'h753,0.2188,1
1876,12'h754,0.8438,1
1877,12'h755,0.3438,1
1878,12'h756,0.5625,1
1879,12'h757,0.0938,1
1880,12'h758,0.9062,1
1881,12'h759,0.4062,1
1882,12'h75A,0.6562,1
1883,12'h75B,0.1562,1
1884,12'h75C,0.7812,1
1885,12'h75D,0.2812,1
1886,12'h75E,0.5000,1
1887,12'h75F,0.0312,1
1888,12'h760,0.9688,1
1889,12'h761,0.4688,1
1890,12'h762,0.7188,1
1891,12'h763,0.2188,1
1892,12'h764,0.8438,1
1893,12'h765,0.3438,1
1894,12'h766,0.5938,1
1895,12'h767,0.0938,1
1896,12'h768,0.9062,1
1897,12'h769,0.4062,1
1898,12'h76A,0.6875,1
1899,12'h76B,0.1562,1
1900,12'h76C,0.7812,1
1901,12'h76D,0.2812,1
1902,12'h76E,0.5312,1
1903,12'h76F,0.0312,1
1904,12'h770,0.9375,1
1905,12'h771,0.4375,1
1906,12'h772,0.6875,1
1907,12'h773,0.1875,1
1908,12'h774,0.8125,1
1909,12'h775,0.3125,1
1910,12'h776,0.5625,1
1911,12'h777,0.0625,1
1912,12'h778,0.9062,1
1913,12'h779,0.4062,1
1914,12'h77A,0.6250,1
1915,12'h77B,0.1250,1
1916,12'h77C,0.7500,1
1917,12'h77D,0.2500,1
1918,12'h77E,0.5000,1
1919,12'h77F,0.0000,0
1920,12'h780,1.0000,1
1921,12'h781,0.5000,1
1922,12'h782,0.7500,1
1923,12'h783,0.2500,1
1924,12'h784,0.8438,1
1925,12'h785,0.3750,1
1926,12'h786,0.6250,1
1927,12'h787,0.1250,1
1928,12'h788,0.9375,1
1929,12'h789,0.4062,1
1930,12'h78A,0.6875,1
1931,12'h78B,0.1875,1
1932,12'h78C,0.8125,1
1933,12'h78D,0.3125,1
1934,12'h78E,0.5625,1
1935,12'h78F,0.0625,1
1936,12'h790,0.9688,1
1937,12'h791,0.4688,1
1938,12'h792,0.7188,1
1939,12'h793,0.2188,1
1940,12'h794,0.8438,1
1941,12'h795,0.3438,1
1942,12'h796,0.5625,1
1943,12'h797,0.0938,1
1944,12'h798,0.9062,1
1945,12'h799,0.4062,1
1946,12'h79A,0.6562,1
1947,12'h79B,0.1562,1
1948,12'h79C,0.7812,1
1949,12'h79D,0.2812,1
1950,12'h79E,0.5312,1
1951,12'h79F,0.0312,1
1952,12'h7A0,1.0000,1
1953,12'h7A1,0.4688,1
1954,12'h7A2,0.7188,1
1955,12'h7A3,0.2188,1
1956,12'h7A4,0.8438,1
1957,12'h7A5,0.3438,1
1958,12'h7A6,0.5938,1
1959,12'h7A7,0.0938,1
1960,12'h7A8,0.9062,1
1961,12'h7A9,0.4062,1
1962,12'h7AA,0.6875,1
1963,12'h7AB,0.1875,1
1964,12'h7AC,0.7812,1
1965,12'h7AD,0.3125,1
1966,12'h7AE,0.5625,1
1967,12'h7AF,0.0312,1
1968,12'h7B0,0.9375,1
1969,12'h7B1,0.4375,1
1970,12'h7B2,0.6875,1
1971,12'h7B3,0.1875,1
1972,12'h7B4,0.8438,1
1973,12'h7B5,0.3125,1
1974,12'h7B6,0.5625,1
1975,12'h7B7,0.0938,1
1976,12'h7B8,0.9062,1
1977,12'h7B9,0.4062,1
1978,12'h7BA,0.6562,1
1979,12'h7BB,0.1250,1
1980,12'h7BC,0.7500,1
1981,12'h7BD,0.2500,1
1982,12'h7BE,0.5000,1
1983,12'h7BF,0.0000,0
1984,12'h7C0,1.0000,1
1985,12'h7C1,0.5000,1
1986,12'h7C2,0.7500,1
1987,12'h7C3,0.2188,1
1988,12'h7C4,0.8438,1
1989,12'h7C5,0.3750,1
1990,12'h7C6,0.5938,1
1991,12'h7C7,0.1250,1
1992,12'h7C8,0.9375,1
1993,12'h7C9,0.4062,1
1994,12'h7CA,0.6875,1
1995,12'h7CB,0.1875,1
1996,12'h7CC,0.7812,1
1997,12'h7CD,0.3125,1
1998,12'h7CE,0.5625,1
1999,12'h7CF,0.0625,1
2000,12'h7D0,0.9375,1
2001,12'h7D1,0.4688,1
2002,12'h7D2,0.6875,1
2003,12'h7D3,0.1875,1
2004,12'h7D4,0.8438,1
2005,12'h7D5,0.3438,1
2006,12'h7D6,0.5625,1
2007,12'h7D7,0.0938,1
2008,12'h7D8,0.9062,1
2009,12'h7D9,0.4062,1
2010,12'h7DA,0.6562,1
2011,12'h7DB,0.1562,1
2012,12'h7DC,0.7812,1
2013,12'h7DD,0.2812,1
2014,12'h7DE,0.5000,1
2015,12'h7DF,0.0000,0
2016,12'h7E0,0.9688,1
2017,12'h7E1,0.4688,1
2018,12'h7E2,0.7188,1
2019,12'h7E3,0.2188,1
2020,12'h7E4,0.8438,1
2021,12'h7E5,0.3438,1
2022,12'h7E6,0.5938,1
2023,12'h7E7,0.0938,1
2024,12'h7E8,0.9062,1
2025,12'h7E9,0.4062,1
2026,12'h7EA,0.6562,1
2027,12'h7EB,0.1562,1
2028,12'h7EC,0.7812,1
2029,12'h7ED,0.2812,1
2030,12'h7EE,0.5312,1
2031,12'h7EF,0.0312,1
2032,12'h7F0,0.9375,1
2033,12'h7F1,0.4375,1
2034,12'h7F2,0.6875,1
2035,12'h7F3,0.1875,1
2036,12'h7F4,0.8125,1
2037,12'h7F5,0.3125,1
2038,12'h7F6,0.5625,1
2039,12'h7F7,0.0625,1
2040,12'h7F8,0.9062,1
2041,12'h7F9,0.3750,1
2042,12'h7FA,0.6250,1
2043,12'h7FB,0.1250,1
2044,12'h7FC,0.7500,1
2045,12'h7FD,0.2500,1
2046,12'h7FE,0.5000,1
2047,12'h7FF,0.0000,0
2048,12'h800,1.0000,1
2049,12'h801,0.5000,1
2050,12'h802,0.7500,1
2051,12'h803,0.2500,1
2052,12'h804,0.8750,1
2053,12'h805,0.3750,1
2054,12'h806,0.6250,1
2055,12'h807,0.1250,1
2056,12'h808,0.9375,1
2057,12'h809,0.4375,1
2058,12'h80A,0.6875,1
2059,12'h80B,0.1875,1
2060,12'h80C,0.8125,1
2061,12'h80D,0.3125,1
2062,12'h80E,0.5625,1
2063,12'h80F,0.0625,1
2064,12'h810,0.9688,1
2065,12'h811,0.4688,1
2066,12'h812,0.7188,1
2067,12'h813,0.2188,1
2068,12'h814,0.8438,1
2069,12'h815,0.3438,1
2070,12'h816,0.5938,1
2071,12'h817,0.0938,1
2072,12'h818,0.9062,1
2073,12'h819,0.4062,1
2074,12'h81A,0.6562,1
2075,12'h81B,0.1562,1
2076,12'h81C,0.7812,1
2077,12'h81D,0.2812,1
2078,12'h81E,0.5312,1
2079,12'h81F,0.0312,1
2080,12'h820,1.0000,1
2081,12'h821,0.5000,1
2082,12'h822,0.7500,1
2083,12'h823,0.2188,1
2084,12'h824,0.8438,1
2085,12'h825,0.3750,1
2086,12'h826,0.5938,1
2087,12'h827,0.1250,1
2088,12'h828,0.9062,1
2089,12'h829,0.4062,1
2090,12'h82A,0.6875,1
2091,12'h82B,0.1875,1
2092,12'h82C,0.7812,1
2093,12'h82D,0.3125,1
2094,12'h82E,0.5625,1
2095,12'h82F,0.0625,1
2096,12'h830,0.9375,1
2097,12'h831,0.4688,1
2098,12'h832,0.6875,1
2099,12'h833,0.1875,1
2100,12'h834,0.8438,1
2101,12'h835,0.3438,1
2102,12'h836,0.5625,1
2103,12'h837,0.0938,1
2104,12'h838,0.9062,1
2105,12'h839,0.4062,1
2106,12'h83A,0.6562,1
2107,12'h83B,0.1562,1
2108,12'h83C,0.7812,1
2109,12'h83D,0.2812,1
2110,12'h83E,0.5000,1
2111,12'h83F,0.0000,0
2112,12'h840,1.0000,1
2113,12'h841,0.5000,1
2114,12'h842,0.7500,1
2115,12'h843,0.2500,1
2116,12'h844,0.8438,1
2117,12'h845,0.3750,1
2118,12'h846,0.5938,1
2119,12'h847,0.1250,1
2120,12'h848,0.9375,1
2121,12'h849,0.4062,1
2122,12'h84A,0.6875,1
2123,12'h84B,0.1875,1
2124,12'h84C,0.8125,1
2125,12'h84D,0.3125,1
2126,12'h84E,0.5625,1
2127,12'h84F,0.0625,1
2128,12'h850,0.9688,1
2129,12'h851,0.4688,1
2130,12'h852,0.7188,1
2131,12'h853,0.2188,1
2132,12'h854,0.8438,1
2133,12'h855,0.3438,1
2134,12'h856,0.5625,1
2135,12'h857,0.0938,1
2136,12'h858,0.9062,1
2137,12'h859,0.4062,1
2138,12'h85A,0.6562,1
2139,12'h85B,0.1562,1
2140,12'h85C,0.7812,1
2141,12'h85D,0.2812,1
2142,12'h85E,0.5000,1
2143,12'h85F,0.0312,1
2144,12'h860,1.0000,1
2145,12'h861,0.4688,1
2146,12'h862,0.7188,1
2147,12'h863,0.2188,1
2148,12'h864,0.8438,1
2149,12'h865,0.3438,1
2150,12'h866,0.5938,1
2151,12'h867,0.0938,1
2152,12'h868,0.9062,1
2153,12'h869,0.4062,1
2154,12'h86A,0.6875,1
2155,12'h86B,0.1562,1
2156,12'h86C,0.7812,1
2157,12'h86D,0.3125,1
2158,12'h86E,0.5625,1
2159,12'h86F,0.0312,1
2160,12'h870,0.9375,1
2161,12'h871,0.4375,1
2162,12'h872,0.6875,1
2163,12'h873,0.1875,1
2164,12'h874,0.8438,1
2165,12'h875,0.3125,1
2166,12'h876,0.5625,1
2167,12'h877,0.0938,1
2168,12'h878,0.9062,1
2169,12'h879,0.4062,1
2170,12'h87A,0.6250,1
2171,12'h87B,0.1250,1
2172,12'h87C,0.7500,1
2173,12'h87D,0.2500,1
2174,12'h87E,0.5000,1
2175,12'h87F,0.0000,0
2176,12'h880,1.0000,1
2177,12'h881,0.5000,1
2178,12'h882,0.7500,1
2179,12'h883,0.2500,1
2180,12'h884,0.8750,1
2181,12'h885,0.3750,1
2182,12'h886,0.6250,1
2183,12'h887,0.1250,1
2184,12'h888,0.9375,1
2185,12'h889,0.4375,1
2186,12'h88A,0.6875,1
2187,12'h88B,0.1875,1
2188,12'h88C,0.8125,1
2189,12'h88D,0.3125,1
2190,12'h88E,0.5625,1
2191,12'h88F,0.0625,1
2192,12'h890,0.9688,1
2193,12'h891,0.4688,1
2194,12'h892,0.7188,1
2195,12'h893,0.2188,1
2196,12'h894,0.8438,1
2197,12'h895,0.3438,1
2198,12'h896,0.5625,1
2199,12'h897,0.0938,1
2200,12'h898,0.9062,1
2201,12'h899,0.4062,1
2202,12'h89A,0.6562,1
2203,12'h89B,0.1562,1
2204,12'h89C,0.7812,1
2205,12'h89D,0.2812,1
2206,12'h89E,0.5312,1
2207,12'h89F,0.0312,1
2208,12'h8A0,1.0000,1
2209,12'h8A1,0.4688,1
2210,12'h8A2,0.7500,1
2211,12'h8A3,0.2188,1
2212,12'h8A4,0.8438,1
2213,12'h8A5,0.3438,1
2214,12'h8A6,0.5938,1
2215,12'h8A7,0.0938,1
2216,12'h8A8,0.9062,1
2217,12'h8A9,0.4062,1
2218,12'h8AA,0.6875,1
2219,12'h8AB,0.1875,1
2220,12'h8AC,0.7812,1
2221,12'h8AD,0.3125,1
2222,12'h8AE,0.5625,1
2223,12'h8AF,0.0312,1
2224,12'h8B0,0.9375,1
2225,12'h8B1,0.4375,1
2226,12'h8B2,0.6875,1
2227,12'h8B3,0.1875,1
2228,12'h8B4,0.8438,1
2229,12'h8B5,0.3125,1
2230,12'h8B6,0.5625,1
2231,12'h8B7,0.0938,1
2232,12'h8B8,0.9062,1
2233,12'h8B9,0.4062,1
2234,12'h8BA,0.6562,1
2235,12'h8BB,0.1562,1
2236,12'h8BC,0.7500,1
2237,12'h8BD,0.2500,1
2238,12'h8BE,0.5000,1
2239,12'h8BF,0.0000,0
2240,12'h8C0,1.0000,1
2241,12'h8C1,0.5000,1
2242,12'h8C2,0.7500,1
2243,12'h8C3,0.2500,1
2244,12'h8C4,0.8438,1
2245,12'h8C5,0.3750,1
2246,12'h8C6,0.5938,1
2247,12'h8C7,0.1250,1
2248,12'h8C8,0.9375,1
2249,12'h8C9,0.4062,1
2250,12'h8CA,0.6875,1
2251,12'h8CB,0.1875,1
2252,12'h8CC,0.7812,1
2253,12'h8CD,0.3125,1
2254,12'h8CE,0.5625,1
2255,12'h8CF,0.0625,1
2256,12'h8D0,0.9688,1
2257,12'h8D1,0.4688,1
2258,12'h8D2,0.7188,1
2259,12'h8D3,0.2188,1
2260,12'h8D4,0.8438,1
2261,12'h8D5,0.3438,1
2262,12'h8D6,0.5625,1
2263,12'h8D7,0.0938,1
2264,12'h8D8,0.9062,1
2265,12'h8D9,0.4062,1
2266,12'h8DA,0.6562,1
2267,12'h8DB,0.1562,1
2268,12'h8DC,0.7812,1
2269,12'h8DD,0.2812,1
2270,12'h8DE,0.5000,1
2271,12'h8DF,0.0312,1
2272,12'h8E0,0.9688,1
2273,12'h8E1,0.4688,1
2274,12'h8E2,0.7188,1
2275,12'h8E3,0.2188,1
2276,12'h8E4,0.8438,1
2277,12'h8E5,0.3438,1
2278,12'h8E6,0.5938,1
2279,12'h8E7,0.0938,1
2280,12'h8E8,0.9062,1
2281,12'h8E9,0.4062,1
2282,12'h8EA,0.6875,1
2283,12'h8EB,0.1562,1
2284,12'h8EC,0.7812,1
2285,12'h8ED,0.2812,1
2286,12'h8EE,0.5312,1
2287,12'h8EF,0.0312,1
2288,12'h8F0,0.9375,1
2289,12'h8F1,0.4375,1
2290,12'h8F2,0.6875,1
2291,12'h8F3,0.1875,1
2292,12'h8F4,0.8125,1
2293,12'h8F5,0.3125,1
2294,12'h8F6,0.5625,1
2295,12'h8F7,0.0625,1
2296,12'h8F8,0.9062,1
2297,12'h8F9,0.4062,1
2298,12'h8FA,0.6250,1
2299,12'h8FB,0.1250,1
2300,12'h8FC,0.7500,1
2301,12'h8FD,0.2500,1
2302,12'h8FE,0.5000,1
2303,12'h8FF,0.0000,0
2304,12'h900,1.0000,1
2305,12'h901,0.5000,1
2306,12'h902,0.7500,1
2307,12'h903,0.2500,1
2308,12'h904,0.8750,1
2309,12'h905,0.3750,1
2310,12'h906,0.6250,1
2311,12'h907,0.1250,1
2312,12'h908,0.9375,1
2313,12'h909,0.4375,1
2314,12'h90A,0.6875,1
2315,12'h90B,0.1875,1
2316,12'h90C,0.8125,1
2317,12'h90D,0.3125,1
2318,12'h90E,0.5625,1
2319,12'h90F,0.0625,1
2320,12'h910,0.9688,1
2321,12'h911,0.4688,1
2322,12'h912,0.7188,1
2323,12'h913,0.2188,1
2324,12'h914,0.8438,1
2325,12'h915,0.3438,1
2326,12'h916,0.5625,1
2327,12'h917,0.0938,1
2328,12'h918,0.9062,1
2329,12'h919,0.4062,1
2330,12'h91A,0.6562,1
2331,12'h91B,0.1562,1
2332,12'h91C,0.7812,1
2333,12'h91D,0.2812,1
2334,12'h91E,0.5312,1
2335,12'h91F,0.0312,1
2336,12'h920,1.0000,1
2337,12'h921,0.5000,1
2338,12'h922,0.7500,1
2339,12'h923,0.2188,1
2340,12'h924,0.8438,1
2341,12'h925,0.3750,1
2342,12'h926,0.5938,1
2343,12'h927,0.1250,1
2344,12'h928,0.9062,1
2345,12'h929,0.4062,1
2346,12'h92A,0.6875,1
2347,12'h92B,0.1875,1
2348,12'h92C,0.7812,1
2349,12'h92D,0.3125,1
2350,12'h92E,0.5625,1
2351,12'h92F,0.0312,1
2352,12'h930,0.9375,1
2353,12'h931,0.4688,1
2354,12'h932,0.6875,1
2355,12'h933,0.1875,1
2356,12'h934,0.8438,1
2357,12'h935,0.3438,1
2358,12'h936,0.5625,1
2359,12'h937,0.0938,1
2360,12'h938,0.9062,1
2361,12'h939,0.4062,1
2362,12'h93A,0.6562,1
2363,12'h93B,0.1562,1
2364,12'h93C,0.7812,1
2365,12'h93D,0.2500,1
2366,12'h93E,0.5000,1
2367,12'h93F,0.0000,0
2368,12'h940,1.0000,1
2369,12'h941,0.5000,1
2370,12'h942,0.7500,1
2371,12'h943,0.2500,1
2372,12'h944,0.8438,1
2373,12'h945,0.3750,1
2374,12'h946,0.5938,1
2375,12'h947,0.1250,1
2376,12'h948,0.9375,1
2377,12'h949,0.4062,1
2378,12'h94A,0.6875,1
2379,12'h94B,0.1875,1
2380,12'h94C,0.7812,1
2381,12'h94D,0.3125,1
2382,12'h94E,0.5625,1
2383,12'h94F,0.0625,1
2384,12'h950,0.9688,1
2385,12'h951,0.4688,1
2386,12'h952,0.7188,1
2387,12'h953,0.2188,1
2388,12'h954,0.8438,1
2389,12'h955,0.3438,1
2390,12'h956,0.5625,1
2391,12'h957,0.0938,1
2392,12'h958,0.9062,1
2393,12'h959,0.4062,1
2394,12'h95A,0.6562,1
2395,12'h95B,0.1562,1
2396,12'h95C,0.7812,1
2397,12'h95D,0.2812,1
2398,12'h95E,0.5000,1
2399,12'h95F,0.0312,1
2400,12'h960,0.9688,1
2401,12'h961,0.4688,1
2402,12'h962,0.7188,1
2403,12'h963,0.2188,1
2404,12'h964,0.8438,1
2405,12'h965,0.3438,1
2406,12'h966,0.5938,1
2407,12'h967,0.0938,1
2408,12'h968,0.9062,1
2409,12'h969,0.4062,1
2410,12'h96A,0.6875,1
2411,12'h96B,0.1562,1
2412,12'h96C,0.7812,1
2413,12'h96D,0.2812,1
2414,12'h96E,0.5312,1
2415,12'h96F,0.0312,1
2416,12'h970,0.9375,1
2417,12'h971,0.4375,1
2418,12'h972,0.6875,1
2419,12'h973,0.1875,1
2420,12'h974,0.8125,1
2421,12'h975,0.3125,1
2422,12'h976,0.5625,1
2423,12'h977,0.0625,1
2424,12'h978,0.9062,1
2425,12'h979,0.4062,1
2426,12'h97A,0.6250,1
2427,12'h97B,0.1250,1
2428,12'h97C,0.7500,1
2429,12'h97D,0.2500,1
2430,12'h97E,0.5000,1
2431,12'h97F,0.0000,0
2432,12'h980,1.0000,1
2433,12'h981,0.5000,1
2434,12'h982,0.7500,1
2435,12'h983,0.2500,1
2436,12'h984,0.8438,1
2437,12'h985,0.3750,1
2438,12'h986,0.6250,1
2439,12'h987,0.1250,1
2440,12'h988,0.9375,1
2441,12'h989,0.4062,1
2442,12'h98A,0.6875,1
2443,12'h98B,0.1875,1
2444,12'h98C,0.8125,1
2445,12'h98D,0.3125,1
2446,12'h98E,0.5625,1
2447,12'h98F,0.0625,1
2448,12'h990,0.9688,1
2449,12'h991,0.4688,1
2450,12'h992,0.7188,1
2451,12'h993,0.2188,1
2452,12'h994,0.8438,1
2453,12'h995,0.3438,1
2454,12'h996,0.5625,1
2455,12'h997,0.0938,1
2456,12'h998,0.9062,1
2457,12'h999,0.4062,1
2458,12'h99A,0.6562,1
2459,12'h99B,0.1562,1
2460,12'h99C,0.7812,1
2461,12'h99D,0.2812,1
2462,12'h99E,0.5312,1
2463,12'h99F,0.0312,1
2464,12'h9A0,1.0000,1
2465,12'h9A1,0.4688,1
2466,12'h9A2,0.7500,1
2467,12'h9A3,0.2188,1
2468,12'h9A4,0.8438,1
2469,12'h9A5,0.3438,1
2470,12'h9A6,0.5938,1
2471,12'h9A7,0.0938,1
2472,12'h9A8,0.9062,1
2473,12'h9A9,0.4062,1
2474,12'h9AA,0.6875,1
2475,12'h9AB,0.1875,1
2476,12'h9AC,0.7812,1
2477,12'h9AD,0.3125,1
2478,12'h9AE,0.5625,1
2479,12'h9AF,0.0312,1
2480,12'h9B0,0.9375,1
2481,12'h9B1,0.4375,1
2482,12'h9B2,0.6875,1
2483,12'h9B3,0.1875,1
2484,12'h9B4,0.8438,1
2485,12'h9B5,0.3125,1
2486,12'h9B6,0.5625,1
2487,12'h9B7,0.0938,1
2488,12'h9B8,0.9062,1
2489,12'h9B9,0.4062,1
2490,12'h9BA,0.6562,1
2491,12'h9BB,0.1562,1
2492,12'h9BC,0.7500,1
2493,12'h9BD,0.2500,1
2494,12'h9BE,0.5000,1
2495,12'h9BF,0.0000,0
2496,12'h9C0,1.0000,1
2497,12'h9C1,0.5000,1
2498,12'h9C2,0.7500,1
2499,12'h9C3,0.2188,1
2500,12'h9C4,0.8438,1
2501,12'h9C5,0.3750,1
2502,12'h9C6,0.5938,1
2503,12'h9C7,0.1250,1
2504,12'h9C8,0.9375,1
2505,12'h9C9,0.4062,1
2506,12'h9CA,0.6875,1
2507,12'h9CB,0.1875,1
2508,12'h9CC,0.7812,1
2509,12'h9CD,0.3125,1
2510,12'h9CE,0.5625,1
2511,12'h9CF,0.0625,1
2512,12'h9D0,0.9375,1
2513,12'h9D1,0.4688,1
2514,12'h9D2,0.7188,1
2515,12'h9D3,0.2188,1
2516,12'h9D4,0.8438,1
2517,12'h9D5,0.3438,1
2518,12'h9D6,0.5625,1
2519,12'h9D7,0.0938,1
2520,12'h9D8,0.9062,1
2521,12'h9D9,0.4062,1
2522,12'h9DA,0.6562,1
2523,12'h9DB,0.1562,1
2524,12'h9DC,0.7812,1
2525,12'h9DD,0.2812,1
2526,12'h9DE,0.5000,1
2527,12'h9DF,0.0000,0
2528,12'h9E0,0.9688,1
2529,12'h9E1,0.4688,1
2530,12'h9E2,0.7188,1
2531,12'h9E3,0.2188,1
2532,12'h9E4,0.8438,1
2533,12'h9E5,0.3438,1
2534,12'h9E6,0.5938,1
2535,12'h9E7,0.0938,1
2536,12'h9E8,0.9062,1
2537,12'h9E9,0.4062,1
2538,12'h9EA,0.6875,1
2539,12'h9EB,0.1562,1
2540,12'h9EC,0.7812,1
2541,12'h9ED,0.2812,1
2542,12'h9EE,0.5312,1
2543,12'h9EF,0.0312,1
2544,12'h9F0,0.9375,1
2545,12'h9F1,0.4375,1
2546,12'h9F2,0.6875,1
2547,12'h9F3,0.1875,1
2548,12'h9F4,0.8125,1
2549,12'h9F5,0.3125,1
2550,12'h9F6,0.5625,1
2551,12'h9F7,0.0625,1
2552,12'h9F8,0.9062,1
2553,12'h9F9,0.3750,1
2554,12'h9FA,0.6250,1
2555,12'h9FB,0.1250,1
2556,12'h9FC,0.7500,1
2557,12'h9FD,0.2500,1
2558,12'h9FE,0.5000,1
2559,12'h9FF,0.0000,0
2560,12'hA00,1.0000,1
2561,12'hA01,0.5000,1
2562,12'hA02,0.7500,1
2563,12'hA03,0.2500,1
2564,12'hA04,0.8750,1
2565,12'hA05,0.3750,1
2566,12'hA06,0.6250,1
2567,12'hA07,0.1250,1
2568,12'hA08,0.9375,1
2569,12'hA09,0.4375,1
2570,12'hA0A,0.6875,1
2571,12'hA0B,0.1875,1
2572,12'hA0C,0.8125,1
2573,12'hA0D,0.3125,1
2574,12'hA0E,0.5625,1
2575,12'hA0F,0.0625,1
2576,12'hA10,0.9688,1
2577,12'hA11,0.4688,1
2578,12'hA12,0.7188,1
2579,12'hA13,0.2188,1
2580,12'hA14,0.8438,1
2581,12'hA15,0.3438,1
2582,12'hA16,0.5625,1
2583,12'hA17,0.0938,1
2584,12'hA18,0.9062,1
2585,12'hA19,0.4062,1
2586,12'hA1A,0.6562,1
2587,12'hA1B,0.1562,1
2588,12'hA1C,0.7812,1
2589,12'hA1D,0.2812,1
2590,12'hA1E,0.5312,1
2591,12'hA1F,0.0312,1
2592,12'hA20,1.0000,1
2593,12'hA21,0.5000,1
2594,12'hA22,0.7500,1
2595,12'hA23,0.2188,1
2596,12'hA24,0.8438,1
2597,12'hA25,0.3750,1
2598,12'hA26,0.5938,1
2599,12'hA27,0.1250,1
2600,12'hA28,0.9062,1
2601,12'hA29,0.4062,1
2602,12'hA2A,0.6875,1
2603,12'hA2B,0.1875,1
2604,12'hA2C,0.7812,1
2605,12'hA2D,0.3125,1
2606,12'hA2E,0.5625,1
2607,12'hA2F,0.0625,1
2608,12'hA30,0.9375,1
2609,12'hA31,0.4688,1
2610,12'hA32,0.6875,1
2611,12'hA33,0.1875,1
2612,12'hA34,0.8438,1
2613,12'hA35,0.3438,1
2614,12'hA36,0.5625,1
2615,12'hA37,0.0938,1
2616,12'hA38,0.9062,1
2617,12'hA39,0.4062,1
2618,12'hA3A,0.6562,1
2619,12'hA3B,0.1562,1
2620,12'hA3C,0.7812,1
2621,12'hA3D,0.2812,1
2622,12'hA3E,0.5000,1
2623,12'hA3F,0.0000,0
2624,12'hA40,1.0000,1
2625,12'hA41,0.5000,1
2626,12'hA42,0.7500,1
2627,12'hA43,0.2500,1
2628,12'hA44,0.8438,1
2629,12'hA45,0.3750,1
2630,12'hA46,0.5938,1
2631,12'hA47,0.1250,1
2632,12'hA48,0.9375,1
2633,12'hA49,0.4062,1
2634,12'hA4A,0.6875,1
2635,12'hA4B,0.1875,1
2636,12'hA4C,0.8125,1
2637,12'hA4D,0.3125,1
2638,12'hA4E,0.5625,1
2639,12'hA4F,0.0625,1
2640,12'hA50,0.9688,1
2641,12'hA51,0.4688,1
2642,12'hA52,0.7188,1
2643,12'hA53,0.2188,1
2644,12'hA54,0.8438,1
2645,12'hA55,0.3438,1
2646,12'hA56,0.5625,1
2647,12'hA57,0.0938,1
2648,12'hA58,0.9062,1
2649,12'hA59,0.4062,1
2650,12'hA5A,0.6562,1
2651,12'hA5B,0.1562,1
2652,12'hA5C,0.7812,1
2653,12'hA5D,0.2812,1
2654,12'hA5E,0.5000,1
2655,12'hA5F,0.0312,1
2656,12'hA60,1.0000,1
2657,12'hA61,0.4688,1
2658,12'hA62,0.7188,1
2659,12'hA63,0.2188,1
2660,12'hA64,0.8438,1
2661,12'hA65,0.3438,1
2662,12'hA66,0.5938,1
2663,12'hA67,0.0938,1
2664,12'hA68,0.9062,1
2665,12'hA69,0.4062,1
2666,12'hA6A,0.6875,1
2667,12'hA6B,0.1562,1
2668,12'hA6C,0.7812,1
2669,12'hA6D,0.2812,1
2670,12'hA6E,0.5312,1
2671,12'hA6F,0.0312,1
2672,12'hA70,0.9375,1
2673,12'hA71,0.4375,1
2674,12'hA72,0.6875,1
2675,12'hA73,0.1875,1
2676,12'hA74,0.8438,1
2677,12'hA75,0.3125,1
2678,12'hA76,0.5625,1
2679,12'hA77,0.0625,1
2680,12'hA78,0.9062,1
2681,12'hA79,0.4062,1
2682,12'hA7A,0.6250,1
2683,12'hA7B,0.1250,1
2684,12'hA7C,0.7500,1
2685,12'hA7D,0.2500,1
2686,12'hA7E,0.5000,1
2687,12'hA7F,0.0000,0
2688,12'hA80,1.0000,1
2689,12'hA81,0.5000,1
2690,12'hA82,0.7500,1
2691,12'hA83,0.2500,1
2692,12'hA84,0.8750,1
2693,12'hA85,0.3750,1
2694,12'hA86,0.6250,1
2695,12'hA87,0.1250,1
2696,12'hA88,0.9375,1
2697,12'hA89,0.4062,1
2698,12'hA8A,0.6875,1
2699,12'hA8B,0.1875,1
2700,12'hA8C,0.8125,1
2701,12'hA8D,0.3125,1
2702,12'hA8E,0.5625,1
2703,12'hA8F,0.0625,1
2704,12'hA90,0.9688,1
2705,12'hA91,0.4688,1
2706,12'hA92,0.7188,1
2707,12'hA93,0.2188,1
2708,12'hA94,0.8438,1
2709,12'hA95,0.3438,1
2710,12'hA96,0.5625,1
2711,12'hA97,0.0938,1
2712,12'hA98,0.9062,1
2713,12'hA99,0.4062,1
2714,12'hA9A,0.6562,1
2715,12'hA9B,0.1562,1
2716,12'hA9C,0.7812,1
2717,12'hA9D,0.2812,1
2718,12'hA9E,0.5312,1
2719,12'hA9F,0.0312,1
2720,12'hAA0,1.0000,1
2721,12'hAA1,0.4688,1
2722,12'hAA2,0.7500,1
2723,12'hAA3,0.2188,1
2724,12'hAA4,0.8438,1
2725,12'hAA5,0.3438,1
2726,12'hAA6,0.5938,1
2727,12'hAA7,0.0938,1
2728,12'hAA8,0.9062,1
2729,12'hAA9,0.4062,1
2730,12'hAAA,0.6875,1
2731,12'hAAB,0.1875,1
2732,12'hAAC,0.7812,1
2733,12'hAAD,0.3125,1
2734,12'hAAE,0.5625,1
2735,12'hAAF,0.0312,1
2736,12'hAB0,0.9375,1
2737,12'hAB1,0.4375,1
2738,12'hAB2,0.6875,1
2739,12'hAB3,0.1875,1
2740,12'hAB4,0.8438,1
2741,12'hAB5,0.3125,1
2742,12'hAB6,0.5625,1
2743,12'hAB7,0.0938,1
2744,12'hAB8,0.9062,1
2745,12'hAB9,0.4062,1
2746,12'hABA,0.6562,1
2747,12'hABB,0.1562,1
2748,12'hABC,0.7500,1
2749,12'hABD,0.2500,1
2750,12'hABE,0.5000,1
2751,12'hABF,0.0000,0
2752,12'hAC0,1.0000,1
2753,12'hAC1,0.5000,1
2754,12'hAC2,0.7500,1
2755,12'hAC3,0.2188,1
2756,12'hAC4,0.8438,1
2757,12'hAC5,0.3750,1
2758,12'hAC6,0.5938,1
2759,12'hAC7,0.1250,1
2760,12'hAC8,0.9375,1
2761,12'hAC9,0.4062,1
2762,12'hACA,0.6875,1
2763,12'hACB,0.1875,1
2764,12'hACC,0.7812,1
2765,12'hACD,0.3125,1
2766,12'hACE,0.5625,1
2767,12'hACF,0.0625,1
2768,12'hAD0,0.9375,1
2769,12'hAD1,0.4688,1
2770,12'hAD2,0.7188,1
2771,12'hAD3,0.2188,1
2772,12'hAD4,0.8438,1
2773,12'hAD5,0.3438,1
2774,12'hAD6,0.5625,1
2775,12'hAD7,0.0938,1
2776,12'hAD8,0.9062,1
2777,12'hAD9,0.4062,1
2778,12'hADA,0.6562,1
2779,12'hADB,0.1562,1
2780,12'hADC,0.7812,1
2781,12'hADD,0.2812,1
2782,12'hADE,0.5000,1
2783,12'hADF,0.0312,1
2784,12'hAE0,0.9688,1
2785,12'hAE1,0.4688,1
2786,12'hAE2,0.7188,1
2787,12'hAE3,0.2188,1
2788,12'hAE4,0.8438,1
2789,12'hAE5,0.3438,1
2790,12'hAE6,0.5938,1
2791,12'hAE7,0.0938,1
2792,12'hAE8,0.9062,1
2793,12'hAE9,0.4062,1
2794,12'hAEA,0.6875,1
2795,12'hAEB,0.1562,1
2796,12'hAEC,0.7812,1
2797,12'hAED,0.2812,1
2798,12'hAEE,0.5312,1
2799,12'hAEF,0.0312,1
2800,12'hAF0,0.9375,1
2801,12'hAF1,0.4375,1
2802,12'hAF2,0.6875,1
2803,12'hAF3,0.1875,1
2804,12'hAF4,0.8125,1
2805,12'hAF5,0.3125,1
2806,12'hAF6,0.5625,1
2807,12'hAF7,0.0625,1
2808,12'hAF8,0.9062,1
2809,12'hAF9,0.3750,1
2810,12'hAFA,0.6250,1
2811,12'hAFB,0.1250,1
2812,12'hAFC,0.7500,1
2813,12'hAFD,0.2500,1
2814,12'hAFE,0.5000,1
2815,12'hAFF,0.0000,0
2816,12'hB00,1.0000,1
2817,12'hB01,0.5000,1
2818,12'hB02,0.7500,1
2819,12'hB03,0.2500,1
2820,12'hB04,0.8750,1
2821,12'hB05,0.3750,1
2822,12'hB06,0.6250,1
2823,12'hB07,0.1250,1
2824,12'hB08,0.9375,1
2825,12'hB09,0.4375,1
2826,12'hB0A,0.6875,1
2827,12'hB0B,0.1875,1
2828,12'hB0C,0.8125,1
2829,12'hB0D,0.3125,1
2830,12'hB0E,0.5625,1
2831,12'hB0F,0.0625,1
2832,12'hB10,0.9688,1
2833,12'hB11,0.4688,1
2834,12'hB12,0.7188,1
2835,12'hB13,0.2188,1
2836,12'hB14,0.8438,1
2837,12'hB15,0.3438,1
2838,12'hB16,0.5625,1
2839,12'hB17,0.0938,1
2840,12'hB18,0.9062,1
2841,12'hB19,0.4062,1
2842,12'hB1A,0.6562,1
2843,12'hB1B,0.1562,1
2844,12'hB1C,0.7812,1
2845,12'hB1D,0.2812,1
2846,12'hB1E,0.5312,1
2847,12'hB1F,0.0312,1
2848,12'hB20,1.0000,1
2849,12'hB21,0.5000,1
2850,12'hB22,0.7500,1
2851,12'hB23,0.2188,1
2852,12'hB24,0.8438,1
2853,12'hB25,0.3438,1
2854,12'hB26,0.5938,1
2855,12'hB27,0.1250,1
2856,12'hB28,0.9062,1
2857,12'hB29,0.4062,1
2858,12'hB2A,0.6875,1
2859,12'hB2B,0.1875,1
2860,12'hB2C,0.7812,1
2861,12'hB2D,0.3125,1
2862,12'hB2E,0.5625,1
2863,12'hB2F,0.0312,1
2864,12'hB30,0.9375,1
2865,12'hB31,0.4375,1
2866,12'hB32,0.6875,1
2867,12'hB33,0.1875,1
2868,12'hB34,0.8438,1
2869,12'hB35,0.3438,1
2870,12'hB36,0.5625,1
2871,12'hB37,0.0938,1
2872,12'hB38,0.9062,1
2873,12'hB39,0.4062,1
2874,12'hB3A,0.6562,1
2875,12'hB3B,0.1562,1
2876,12'hB3C,0.7812,1
2877,12'hB3D,0.2500,1
2878,12'hB3E,0.5000,1
2879,12'hB3F,0.0000,0
2880,12'hB40,1.0000,1
2881,12'hB41,0.5000,1
2882,12'hB42,0.7500,1
2883,12'hB43,0.2500,1
2884,12'hB44,0.8438,1
2885,12'hB45,0.3750,1
2886,12'hB46,0.5938,1
2887,12'hB47,0.1250,1
2888,12'hB48,0.9375,1
2889,12'hB49,0.4062,1
2890,12'hB4A,0.6875,1
2891,12'hB4B,0.1875,1
2892,12'hB4C,0.7812,1
2893,12'hB4D,0.3125,1
2894,12'hB4E,0.5625,1
2895,12'hB4F,0.0625,1
2896,12'hB50,0.9688,1
2897,12'hB51,0.4688,1
2898,12'hB52,0.7188,1
2899,12'hB53,0.2188,1
2900,12'hB54,0.8438,1
2901,12'hB55,0.3438,1
2902,12'hB56,0.5625,1
2903,12'hB57,0.0938,1
2904,12'hB58,0.9062,1
2905,12'hB59,0.4062,1
2906,12'hB5A,0.6562,1
2907,12'hB5B,0.1562,1
2908,12'hB5C,0.7812,1
2909,12'hB5D,0.2812,1
2910,12'hB5E,0.5000,1
2911,12'hB5F,0.0312,1
2912,12'hB60,0.9688,1
2913,12'hB61,0.4688,1
2914,12'hB62,0.7188,1
2915,12'hB63,0.2188,1
2916,12'hB64,0.8438,1
2917,12'hB65,0.3438,1
2918,12'hB66,0.5938,1
2919,12'hB67,0.0938,1
2920,12'hB68,0.9062,1
2921,12'hB69,0.4062,1
2922,12'hB6A,0.6875,1
2923,12'hB6B,0.1562,1
2924,12'hB6C,0.7812,1
2925,12'hB6D,0.2812,1
2926,12'hB6E,0.5312,1
2927,12'hB6F,0.0312,1
2928,12'hB70,0.9375,1
2929,12'hB71,0.4375,1
2930,12'hB72,0.6875,1
2931,12'hB73,0.1875,1
2932,12'hB74,0.8125,1
2933,12'hB75,0.3125,1
2934,12'hB76,0.5625,1
2935,12'hB77,0.0625,1
2936,12'hB78,0.9062,1
2937,12'hB79,0.4062,1
2938,12'hB7A,0.6250,1
2939,12'hB7B,0.1250,1
2940,12'hB7C,0.7500,1
2941,12'hB7D,0.2500,1
2942,12'hB7E,0.5000,1
2943,12'hB7F,0.0000,0
2944,12'hB80,1.0000,1
2945,12'hB81,0.5000,1
2946,12'hB82,0.7500,1
2947,12'hB83,0.2500,1
2948,12'hB84,0.8438,1
2949,12'hB85,0.3750,1
2950,12'hB86,0.6250,1
2951,12'hB87,0.1250,1
2952,12'hB88,0.9375,1
2953,12'hB89,0.4062,1
2954,12'hB8A,0.6875,1
2955,12'hB8B,0.1875,1
2956,12'hB8C,0.8125,1
2957,12'hB8D,0.3125,1
2958,12'hB8E,0.5625,1
2959,12'hB8F,0.0625,1
2960,12'hB90,0.9688,1
2961,12'hB91,0.4688,1
2962,12'hB92,0.7188,1
2963,12'hB93,0.2188,1
2964,12'hB94,0.8438,1
2965,12'hB95,0.3438,1
2966,12'hB96,0.5625,1
2967,12'hB97,0.0938,1
2968,12'hB98,0.9062,1
2969,12'hB99,0.4062,1
2970,12'hB9A,0.6562,1
2971,12'hB9B,0.1562,1
2972,12'hB9C,0.7812,1
2973,12'hB9D,0.2812,1
2974,12'hB9E,0.5312,1
2975,12'hB9F,0.0312,1
2976,12'hBA0,1.0000,1
2977,12'hBA1,0.4688,1
2978,12'hBA2,0.7188,1
2979,12'hBA3,0.2188,1
2980,12'hBA4,0.8438,1
2981,12'hBA5,0.3438,1
2982,12'hBA6,0.5938,1
2983,12'hBA7,0.0938,1
2984,12'hBA8,0.9062,1
2985,12'hBA9,0.4062,1
2986,12'hBAA,0.6875,1
2987,12'hBAB,0.1875,1
2988,12'hBAC,0.7812,1
2989,12'hBAD,0.3125,1
2990,12'hBAE,0.5625,1
2991,12'hBAF,0.0312,1
2992,12'hBB0,0.9375,1
2993,12'hBB1,0.4375,1
2994,12'hBB2,0.6875,1
2995,12'hBB3,0.1875,1
2996,12'hBB4,0.8438,1
2997,12'hBB5,0.3125,1
2998,12'hBB6,0.5625,1
2999,12'hBB7,0.0938,1
3000,12'hBB8,0.9062,1
3001,12'hBB9,0.4062,1
3002,12'hBBA,0.6562,1
3003,12'hBBB,0.1250,1
3004,12'hBBC,0.7500,1
3005,12'hBBD,0.2500,1
3006,12'hBBE,0.5000,1
3007,12'hBBF,0.0000,0
3008,12'hBC0,1.0000,1
3009,12'hBC1,0.5000,1
3010,12'hBC2,0.7500,1
3011,12'hBC3,0.2188,1
3012,12'hBC4,0.8438,1
3013,12'hBC5,0.3750,1
3014,12'hBC6,0.5938,1
3015,12'hBC7,0.1250,1
3016,12'hBC8,0.9375,1
3017,12'hBC9,0.4062,1
3018,12'hBCA,0.6875,1
3019,12'hBCB,0.1875,1
3020,12'hBCC,0.7812,1
3021,12'hBCD,0.3125,1
3022,12'hBCE,0.5625,1
3023,12'hBCF,0.0625,1
3024,12'hBD0,0.9375,1
3025,12'hBD1,0.4688,1
3026,12'hBD2,0.6875,1
3027,12'hBD3,0.1875,1
3028,12'hBD4,0.8438,1
3029,12'hBD5,0.3438,1
3030,12'hBD6,0.5625,1
3031,12'hBD7,0.0938,1
3032,12'hBD8,0.9062,1
3033,12'hBD9,0.4062,1
3034,12'hBDA,0.6562,1
3035,12'hBDB,0.1562,1
3036,12'hBDC,0.7812,1
3037,12'hBDD,0.2812,1
3038,12'hBDE,0.5000,1
3039,12'hBDF,0.0000,0
3040,12'hBE0,0.9688,1
3041,12'hBE1,0.4688,1
3042,12'hBE2,0.7188,1
3043,12'hBE3,0.2188,1
3044,12'hBE4,0.8438,1
3045,12'hBE5,0.3438,1
3046,12'hBE6,0.5938,1
3047,12'hBE7,0.0938,1
3048,12'hBE8,0.9062,1
3049,12'hBE9,0.4062,1
3050,12'hBEA,0.6562,1
3051,12'hBEB,0.1562,1
3052,12'hBEC,0.7812,1
3053,12'hBED,0.2812,1
3054,12'hBEE,0.5312,1
3055,12'hBEF,0.0312,1
3056,12'hBF0,0.9375,1
3057,12'hBF1,0.4375,1
3058,12'hBF2,0.6875,1
3059,12'hBF3,0.1875,1
3060,12'hBF4,0.8125,1
3061,12'hBF5,0.3125,1
3062,12'hBF6,0.5625,1
3063,12'hBF7,0.0625,1
3064,12'hBF8,0.9062,1
3065,12'hBF9,0.3750,1
3066,12'hBFA,0.6250,1
3067,12'hBFB,0.1250,1
3068,12'hBFC,0.7500,1
3069,12'hBFD,0.2500,1
3070,12'hBFE,0.5000,1
3071,12'hBFF,0.0000,0
3072,12'hC00,1.0000,1
3073,12'hC01,0.5000,1
3074,12'hC02,0.7500,1
3075,12'hC03,0.2500,1
3076,12'hC04,0.8750,1
3077,12'hC05,0.3750,1
3078,12'hC06,0.6250,1
3079,12'hC07,0.1250,1
3080,12'hC08,0.9375,1
3081,12'hC09,0.4375,1
3082,12'hC0A,0.6875,1
3083,12'hC0B,0.1875,1
3084,12'hC0C,0.8125,1
3085,12'hC0D,0.3125,1
3086,12'hC0E,0.5625,1
3087,12'hC0F,0.0625,1
3088,12'hC10,0.9688,1
3089,12'hC11,0.4688,1
3090,12'hC12,0.7188,1
3091,12'hC13,0.2188,1
3092,12'hC14,0.8438,1
3093,12'hC15,0.3438,1
3094,12'hC16,0.5625,1
3095,12'hC17,0.0938,1
3096,12'hC18,0.9062,1
3097,12'hC19,0.4062,1
3098,12'hC1A,0.6562,1
3099,12'hC1B,0.1562,1
3100,12'hC1C,0.7812,1
3101,12'hC1D,0.2812,1
3102,12'hC1E,0.5312,1
3103,12'hC1F,0.0312,1
3104,12'hC20,1.0000,1
3105,12'hC21,0.5000,1
3106,12'hC22,0.7500,1
3107,12'hC23,0.2188,1
3108,12'hC24,0.8438,1
3109,12'hC25,0.3750,1
3110,12'hC26,0.5938,1
3111,12'hC27,0.1250,1
3112,12'hC28,0.9062,1
3113,12'hC29,0.4062,1
3114,12'hC2A,0.6875,1
3115,12'hC2B,0.1875,1
3116,12'hC2C,0.7812,1
3117,12'hC2D,0.3125,1
3118,12'hC2E,0.5625,1
3119,12'hC2F,0.0625,1
3120,12'hC30,0.9375,1
3121,12'hC31,0.4688,1
3122,12'hC32,0.6875,1
3123,12'hC33,0.1875,1
3124,12'hC34,0.8438,1
3125,12'hC35,0.3438,1
3126,12'hC36,0.5625,1
3127,12'hC37,0.0938,1
3128,12'hC38,0.9062,1
3129,12'hC39,0.4062,1
3130,12'hC3A,0.6562,1
3131,12'hC3B,0.1562,1
3132,12'hC3C,0.7812,1
3133,12'hC3D,0.2812,1
3134,12'hC3E,0.5000,1
3135,12'hC3F,0.0000,0
3136,12'hC40,1.0000,1
3137,12'hC41,0.5000,1
3138,12'hC42,0.7500,1
3139,12'hC43,0.2500,1
3140,12'hC44,0.8438,1
3141,12'hC45,0.3750,1
3142,12'hC46,0.5938,1
3143,12'hC47,0.1250,1
3144,12'hC48,0.9375,1
3145,12'hC49,0.4062,1
3146,12'hC4A,0.6875,1
3147,12'hC4B,0.1875,1
3148,12'hC4C,0.8125,1
3149,12'hC4D,0.3125,1
3150,12'hC4E,0.5625,1
3151,12'hC4F,0.0625,1
3152,12'hC50,0.9688,1
3153,12'hC51,0.4688,1
3154,12'hC52,0.7188,1
3155,12'hC53,0.2188,1
3156,12'hC54,0.8438,1
3157,12'hC55,0.3438,1
3158,12'hC56,0.5625,1
3159,12'hC57,0.0938,1
3160,12'hC58,0.9062,1
3161,12'hC59,0.4062,1
3162,12'hC5A,0.6562,1
3163,12'hC5B,0.1562,1
3164,12'hC5C,0.7812,1
3165,12'hC5D,0.2812,1
3166,12'hC5E,0.5000,1
3167,12'hC5F,0.0312,1
3168,12'hC60,1.0000,1
3169,12'hC61,0.4688,1
3170,12'hC62,0.7188,1
3171,12'hC63,0.2188,1
3172,12'hC64,0.8438,1
3173,12'hC65,0.3438,1
3174,12'hC66,0.5938,1
3175,12'hC67,0.0938,1
3176,12'hC68,0.9062,1
3177,12'hC69,0.4062,1
3178,12'hC6A,0.6875,1
3179,12'hC6B,0.1562,1
3180,12'hC6C,0.7812,1
3181,12'hC6D,0.3125,1
3182,12'hC6E,0.5312,1
3183,12'hC6F,0.0312,1
3184,12'hC70,0.9375,1
3185,12'hC71,0.4375,1
3186,12'hC72,0.6875,1
3187,12'hC73,0.1875,1
3188,12'hC74,0.8438,1
3189,12'hC75,0.3125,1
3190,12'hC76,0.5625,1
3191,12'hC77,0.0625,1
3192,12'hC78,0.9062,1
3193,12'hC79,0.4062,1
3194,12'hC7A,0.6250,1
3195,12'hC7B,0.1250,1
3196,12'hC7C,0.7500,1
3197,12'hC7D,0.2500,1
3198,12'hC7E,0.5000,1
3199,12'hC7F,0.0000,0
3200,12'hC80,1.0000,1
3201,12'hC81,0.5000,1
3202,12'hC82,0.7500,1
3203,12'hC83,0.2500,1
3204,12'hC84,0.8750,1
3205,12'hC85,0.3750,1
3206,12'hC86,0.6250,1
3207,12'hC87,0.1250,1
3208,12'hC88,0.9375,1
3209,12'hC89,0.4062,1
3210,12'hC8A,0.6875,1
3211,12'hC8B,0.1875,1
3212,12'hC8C,0.8125,1
3213,12'hC8D,0.3125,1
3214,12'hC8E,0.5625,1
3215,12'hC8F,0.0625,1
3216,12'hC90,0.9688,1
3217,12'hC91,0.4688,1
3218,12'hC92,0.7188,1
3219,12'hC93,0.2188,1
3220,12'hC94,0.8438,1
3221,12'hC95,0.3438,1
3222,12'hC96,0.5625,1
3223,12'hC97,0.0938,1
3224,12'hC98,0.9062,1
3225,12'hC99,0.4062,1
3226,12'hC9A,0.6562,1
3227,12'hC9B,0.1562,1
3228,12'hC9C,0.7812,1
3229,12'hC9D,0.2812,1
3230,12'hC9E,0.5312,1
3231,12'hC9F,0.0312,1
3232,12'hCA0,1.0000,1
3233,12'hCA1,0.4688,1
3234,12'hCA2,0.7500,1
3235,12'hCA3,0.2188,1
3236,12'hCA4,0.8438,1
3237,12'hCA5,0.3438,1
3238,12'hCA6,0.5938,1
3239,12'hCA7,0.0938,1
3240,12'hCA8,0.9062,1
3241,12'hCA9,0.4062,1
3242,12'hCAA,0.6875,1
3243,12'hCAB,0.1875,1
3244,12'hCAC,0.7812,1
3245,12'hCAD,0.3125,1
3246,12'hCAE,0.5625,1
3247,12'hCAF,0.0312,1
3248,12'hCB0,0.9375,1
3249,12'hCB1,0.4375,1
3250,12'hCB2,0.6875,1
3251,12'hCB3,0.1875,1
3252,12'hCB4,0.8438,1
3253,12'hCB5,0.3125,1
3254,12'hCB6,0.5625,1
3255,12'hCB7,0.0938,1
3256,12'hCB8,0.9062,1
3257,12'hCB9,0.4062,1
3258,12'hCBA,0.6562,1
3259,12'hCBB,0.1562,1
3260,12'hCBC,0.7500,1
3261,12'hCBD,0.2500,1
3262,12'hCBE,0.5000,1
3263,12'hCBF,0.0000,0
3264,12'hCC0,1.0000,1
3265,12'hCC1,0.5000,1
3266,12'hCC2,0.7500,1
3267,12'hCC3,0.2188,1
3268,12'hCC4,0.8438,1
3269,12'hCC5,0.3750,1
3270,12'hCC6,0.5938,1
3271,12'hCC7,0.1250,1
3272,12'hCC8,0.9375,1
3273,12'hCC9,0.4062,1
3274,12'hCCA,0.6875,1
3275,12'hCCB,0.1875,1
3276,12'hCCC,0.7812,1
3277,12'hCCD,0.3125,1
3278,12'hCCE,0.5625,1
3279,12'hCCF,0.0625,1
3280,12'hCD0,0.9375,1
3281,12'hCD1,0.4688,1
3282,12'hCD2,0.7188,1
3283,12'hCD3,0.2188,1
3284,12'hCD4,0.8438,1
3285,12'hCD5,0.3438,1
3286,12'hCD6,0.5625,1
3287,12'hCD7,0.0938,1
3288,12'hCD8,0.9062,1
3289,12'hCD9,0.4062,1
3290,12'hCDA,0.6562,1
3291,12'hCDB,0.1562,1
3292,12'hCDC,0.7812,1
3293,12'hCDD,0.2812,1
3294,12'hCDE,0.5000,1
3295,12'hCDF,0.0312,1
3296,12'hCE0,0.9688,1
3297,12'hCE1,0.4688,1
3298,12'hCE2,0.7188,1
3299,12'hCE3,0.2188,1
3300,12'hCE4,0.8438,1
3301,12'hCE5,0.3438,1
3302,12'hCE6,0.5938,1
3303,12'hCE7,0.0938,1
3304,12'hCE8,0.9062,1
3305,12'hCE9,0.4062,1
3306,12'hCEA,0.6875,1
3307,12'hCEB,0.1562,1
3308,12'hCEC,0.7812,1
3309,12'hCED,0.2812,1
3310,12'hCEE,0.5312,1
3311,12'hCEF,0.0312,1
3312,12'hCF0,0.9375,1
3313,12'hCF1,0.4375,1
3314,12'hCF2,0.6875,1
3315,12'hCF3,0.1875,1
3316,12'hCF4,0.8125,1
3317,12'hCF5,0.3125,1
3318,12'hCF6,0.5625,1
3319,12'hCF7,0.0625,1
3320,12'hCF8,0.9062,1
3321,12'hCF9,0.4062,1
3322,12'hCFA,0.6250,1
3323,12'hCFB,0.1250,1
3324,12'hCFC,0.7500,1
3325,12'hCFD,0.2500,1
3326,12'hCFE,0.5000,1
3327,12'hCFF,0.0000,0
3328,12'hD00,1.0000,1
3329,12'hD01,0.5000,1
3330,12'hD02,0.7500,1
3331,12'hD03,0.2500,1
3332,12'hD04,0.8750,1
3333,12'hD05,0.3750,1
3334,12'hD06,0.6250,1
3335,12'hD07,0.1250,1
3336,12'hD08,0.9375,1
3337,12'hD09,0.4375,1
3338,12'hD0A,0.6875,1
3339,12'hD0B,0.1875,1
3340,12'hD0C,0.8125,1
3341,12'hD0D,0.3125,1
3342,12'hD0E,0.5625,1
3343,12'hD0F,0.0625,1
3344,12'hD10,0.9688,1
3345,12'hD11,0.4688,1
3346,12'hD12,0.7188,1
3347,12'hD13,0.2188,1
3348,12'hD14,0.8438,1
3349,12'hD15,0.3438,1
3350,12'hD16,0.5625,1
3351,12'hD17,0.0938,1
3352,12'hD18,0.9062,1
3353,12'hD19,0.4062,1
3354,12'hD1A,0.6562,1
3355,12'hD1B,0.1562,1
3356,12'hD1C,0.7812,1
3357,12'hD1D,0.2812,1
3358,12'hD1E,0.5312,1
3359,12'hD1F,0.0312,1
3360,12'hD20,1.0000,1
3361,12'hD21,0.5000,1
3362,12'hD22,0.7500,1
3363,12'hD23,0.2188,1
3364,12'hD24,0.8438,1
3365,12'hD25,0.3750,1
3366,12'hD26,0.5938,1
3367,12'hD27,0.1250,1
3368,12'hD28,0.9062,1
3369,12'hD29,0.4062,1
3370,12'hD2A,0.6875,1
3371,12'hD2B,0.1875,1
3372,12'hD2C,0.7812,1
3373,12'hD2D,0.3125,1
3374,12'hD2E,0.5625,1
3375,12'hD2F,0.0312,1
3376,12'hD30,0.9375,1
3377,12'hD31,0.4375,1
3378,12'hD32,0.6875,1
3379,12'hD33,0.1875,1
3380,12'hD34,0.8438,1
3381,12'hD35,0.3438,1
3382,12'hD36,0.5625,1
3383,12'hD37,0.0938,1
3384,12'hD38,0.9062,1
3385,12'hD39,0.4062,1
3386,12'hD3A,0.6562,1
3387,12'hD3B,0.1562,1
3388,12'hD3C,0.7812,1
3389,12'hD3D,0.2500,1
3390,12'hD3E,0.5000,1
3391,12'hD3F,0.0000,0
3392,12'hD40,1.0000,1
3393,12'hD41,0.5000,1
3394,12'hD42,0.7500,1
3395,12'hD43,0.2500,1
3396,12'hD44,0.8438,1
3397,12'hD45,0.3750,1
3398,12'hD46,0.5938,1
3399,12'hD47,0.1250,1
3400,12'hD48,0.9375,1
3401,12'hD49,0.4062,1
3402,12'hD4A,0.6875,1
3403,12'hD4B,0.1875,1
3404,12'hD4C,0.7812,1
3405,12'hD4D,0.3125,1
3406,12'hD4E,0.5625,1
3407,12'hD4F,0.0625,1
3408,12'hD50,0.9688,1
3409,12'hD51,0.4688,1
3410,12'hD52,0.7188,1
3411,12'hD53,0.2188,1
3412,12'hD54,0.8438,1
3413,12'hD55,0.3438,1
3414,12'hD56,0.5625,1
3415,12'hD57,0.0938,1
3416,12'hD58,0.9062,1
3417,12'hD59,0.4062,1
3418,12'hD5A,0.6562,1
3419,12'hD5B,0.1562,1
3420,12'hD5C,0.7812,1
3421,12'hD5D,0.2812,1
3422,12'hD5E,0.5000,1
3423,12'hD5F,0.0312,1
3424,12'hD60,0.9688,1
3425,12'hD61,0.4688,1
3426,12'hD62,0.7188,1
3427,12'hD63,0.2188,1
3428,12'hD64,0.8438,1
3429,12'hD65,0.3438,1
3430,12'hD66,0.5938,1
3431,12'hD67,0.0938,1
3432,12'hD68,0.9062,1
3433,12'hD69,0.4062,1
3434,12'hD6A,0.6875,1
3435,12'hD6B,0.1562,1
3436,12'hD6C,0.7812,1
3437,12'hD6D,0.2812,1
3438,12'hD6E,0.5312,1
3439,12'hD6F,0.0312,1
3440,12'hD70,0.9375,1
3441,12'hD71,0.4375,1
3442,12'hD72,0.6875,1
3443,12'hD73,0.1875,1
3444,12'hD74,0.8125,1
3445,12'hD75,0.3125,1
3446,12'hD76,0.5625,1
3447,12'hD77,0.0625,1
3448,12'hD78,0.9062,1
3449,12'hD79,0.4062,1
3450,12'hD7A,0.6250,1
3451,12'hD7B,0.1250,1
3452,12'hD7C,0.7500,1
3453,12'hD7D,0.2500,1
3454,12'hD7E,0.5000,1
3455,12'hD7F,0.0000,0
3456,12'hD80,1.0000,1
3457,12'hD81,0.5000,1
3458,12'hD82,0.7500,1
3459,12'hD83,0.2500,1
3460,12'hD84,0.8438,1
3461,12'hD85,0.3750,1
3462,12'hD86,0.6250,1
3463,12'hD87,0.1250,1
3464,12'hD88,0.9375,1
3465,12'hD89,0.4062,1
3466,12'hD8A,0.6875,1
3467,12'hD8B,0.1875,1
3468,12'hD8C,0.8125,1
3469,12'hD8D,0.3125,1
3470,12'hD8E,0.5625,1
3471,12'hD8F,0.0625,1
3472,12'hD90,0.9688,1
3473,12'hD91,0.4688,1
3474,12'hD92,0.7188,1
3475,12'hD93,0.2188,1
3476,12'hD94,0.8438,1
3477,12'hD95,0.3438,1
3478,12'hD96,0.5625,1
3479,12'hD97,0.0938,1
3480,12'hD98,0.9062,1
3481,12'hD99,0.4062,1
3482,12'hD9A,0.6562,1
3483,12'hD9B,0.1562,1
3484,12'hD9C,0.7812,1
3485,12'hD9D,0.2812,1
3486,12'hD9E,0.5312,1
3487,12'hD9F,0.0312,1
3488,12'hDA0,1.0000,1
3489,12'hDA1,0.4688,1
3490,12'hDA2,0.7500,1
3491,12'hDA3,0.2188,1
3492,12'hDA4,0.8438,1
3493,12'hDA5,0.3438,1
3494,12'hDA6,0.5938,1
3495,12'hDA7,0.0938,1
3496,12'hDA8,0.9062,1
3497,12'hDA9,0.4062,1
3498,12'hDAA,0.6875,1
3499,12'hDAB,0.1875,1
3500,12'hDAC,0.7812,1
3501,12'hDAD,0.3125,1
3502,12'hDAE,0.5625,1
3503,12'hDAF,0.0312,1
3504,12'hDB0,0.9375,1
3505,12'hDB1,0.4375,1
3506,12'hDB2,0.6875,1
3507,12'hDB3,0.1875,1
3508,12'hDB4,0.8438,1
3509,12'hDB5,0.3125,1
3510,12'hDB6,0.5625,1
3511,12'hDB7,0.0938,1
3512,12'hDB8,0.9062,1
3513,12'hDB9,0.4062,1
3514,12'hDBA,0.6562,1
3515,12'hDBB,0.1562,1
3516,12'hDBC,0.7500,1
3517,12'hDBD,0.2500,1
3518,12'hDBE,0.5000,1
3519,12'hDBF,0.0000,0
3520,12'hDC0,1.0000,1
3521,12'hDC1,0.5000,1
3522,12'hDC2,0.7500,1
3523,12'hDC3,0.2188,1
3524,12'hDC4,0.8438,1
3525,12'hDC5,0.3750,1
3526,12'hDC6,0.5938,1
3527,12'hDC7,0.1250,1
3528,12'hDC8,0.9375,1
3529,12'hDC9,0.4062,1
3530,12'hDCA,0.6875,1
3531,12'hDCB,0.1875,1
3532,12'hDCC,0.7812,1
3533,12'hDCD,0.3125,1
3534,12'hDCE,0.5625,1
3535,12'hDCF,0.0625,1
3536,12'hDD0,0.9375,1
3537,12'hDD1,0.4688,1
3538,12'hDD2,0.6875,1
3539,12'hDD3,0.2188,1
3540,12'hDD4,0.8438,1
3541,12'hDD5,0.3438,1
3542,12'hDD6,0.5625,1
3543,12'hDD7,0.0938,1
3544,12'hDD8,0.9062,1
3545,12'hDD9,0.4062,1
3546,12'hDDA,0.6562,1
3547,12'hDDB,0.1562,1
3548,12'hDDC,0.7812,1
3549,12'hDDD,0.2812,1
3550,12'hDDE,0.5000,1
3551,12'hDDF,0.0000,0
3552,12'hDE0,0.9688,1
3553,12'hDE1,0.4688,1
3554,12'hDE2,0.7188,1
3555,12'hDE3,0.2188,1
3556,12'hDE4,0.8438,1
3557,12'hDE5,0.3438,1
3558,12'hDE6,0.5938,1
3559,12'hDE7,0.0938,1
3560,12'hDE8,0.9062,1
3561,12'hDE9,0.4062,1
3562,12'hDEA,0.6562,1
3563,12'hDEB,0.1562,1
3564,12'hDEC,0.7812,1
3565,12'hDED,0.2812,1
3566,12'hDEE,0.5312,1
3567,12'hDEF,0.0312,1
3568,12'hDF0,0.9375,1
3569,12'hDF1,0.4375,1
3570,12'hDF2,0.6875,1
3571,12'hDF3,0.1875,1
3572,12'hDF4,0.8125,1
3573,12'hDF5,0.3125,1
3574,12'hDF6,0.5625,1
3575,12'hDF7,0.0625,1
3576,12'hDF8,0.9062,1
3577,12'hDF9,0.3750,1
3578,12'hDFA,0.6250,1
3579,12'hDFB,0.1250,1
3580,12'hDFC,0.7500,1
3581,12'hDFD,0.2500,1
3582,12'hDFE,0.5000,1
3583,12'hDFF,0.0000,0
3584,12'hE00,1.0000,1
3585,12'hE01,0.5000,1
3586,12'hE02,0.7500,1
3587,12'hE03,0.2500,1
3588,12'hE04,0.8750,1
3589,12'hE05,0.3750,1
3590,12'hE06,0.6250,1
3591,12'hE07,0.1250,1
3592,12'hE08,0.9375,1
3593,12'hE09,0.4375,1
3594,12'hE0A,0.6875,1
3595,12'hE0B,0.1875,1
3596,12'hE0C,0.8125,1
3597,12'hE0D,0.3125,1
3598,12'hE0E,0.5625,1
3599,12'hE0F,0.0625,1
3600,12'hE10,0.9688,1
3601,12'hE11,0.4688,1
3602,12'hE12,0.7188,1
3603,12'hE13,0.2188,1
3604,12'hE14,0.8438,1
3605,12'hE15,0.3438,1
3606,12'hE16,0.5625,1
3607,12'hE17,0.0938,1
3608,12'hE18,0.9062,1
3609,12'hE19,0.4062,1
3610,12'hE1A,0.6562,1
3611,12'hE1B,0.1562,1
3612,12'hE1C,0.7812,1
3613,12'hE1D,0.2812,1
3614,12'hE1E,0.5312,1
3615,12'hE1F,0.0312,1
3616,12'hE20,1.0000,1
3617,12'hE21,0.5000,1
3618,12'hE22,0.7500,1
3619,12'hE23,0.2188,1
3620,12'hE24,0.8438,1
3621,12'hE25,0.3750,1
3622,12'hE26,0.5938,1
3623,12'hE27,0.1250,1
3624,12'hE28,0.9062,1
3625,12'hE29,0.4062,1
3626,12'hE2A,0.6875,1
3627,12'hE2B,0.1875,1
3628,12'hE2C,0.7812,1
3629,12'hE2D,0.3125,1
3630,12'hE2E,0.5625,1
3631,12'hE2F,0.0625,1
3632,12'hE30,0.9375,1
3633,12'hE31,0.4688,1
3634,12'hE32,0.6875,1
3635,12'hE33,0.1875,1
3636,12'hE34,0.8438,1
3637,12'hE35,0.3438,1
3638,12'hE36,0.5625,1
3639,12'hE37,0.0938,1
3640,12'hE38,0.9062,1
3641,12'hE39,0.4062,1
3642,12'hE3A,0.6562,1
3643,12'hE3B,0.1562,1
3644,12'hE3C,0.7812,1
3645,12'hE3D,0.2812,1
3646,12'hE3E,0.5000,1
3647,12'hE3F,0.0000,0
3648,12'hE40,1.0000,1
3649,12'hE41,0.5000,1
3650,12'hE42,0.7500,1
3651,12'hE43,0.2500,1
3652,12'hE44,0.8438,1
3653,12'hE45,0.3750,1
3654,12'hE46,0.5938,1
3655,12'hE47,0.1250,1
3656,12'hE48,0.9375,1
3657,12'hE49,0.4062,1
3658,12'hE4A,0.6875,1
3659,12'hE4B,0.1875,1
3660,12'hE4C,0.8125,1
3661,12'hE4D,0.3125,1
3662,12'hE4E,0.5625,1
3663,12'hE4F,0.0625,1
3664,12'hE50,0.9688,1
3665,12'hE51,0.4688,1
3666,12'hE52,0.7188,1
3667,12'hE53,0.2188,1
3668,12'hE54,0.8438,1
3669,12'hE55,0.3438,1
3670,12'hE56,0.5625,1
3671,12'hE57,0.0938,1
3672,12'hE58,0.9062,1
3673,12'hE59,0.4062,1
3674,12'hE5A,0.6562,1
3675,12'hE5B,0.1562,1
3676,12'hE5C,0.7812,1
3677,12'hE5D,0.2812,1
3678,12'hE5E,0.5000,1
3679,12'hE5F,0.0312,1
3680,12'hE60,1.0000,1
3681,12'hE61,0.4688,1
3682,12'hE62,0.7188,1
3683,12'hE63,0.2188,1
3684,12'hE64,0.8438,1
3685,12'hE65,0.3438,1
3686,12'hE66,0.5938,1
3687,12'hE67,0.0938,1
3688,12'hE68,0.9062,1
3689,12'hE69,0.4062,1
3690,12'hE6A,0.6875,1
3691,12'hE6B,0.1562,1
3692,12'hE6C,0.7812,1
3693,12'hE6D,0.2812,1
3694,12'hE6E,0.5312,1
3695,12'hE6F,0.0312,1
3696,12'hE70,0.9375,1
3697,12'hE71,0.4375,1
3698,12'hE72,0.6875,1
3699,12'hE73,0.1875,1
3700,12'hE74,0.8125,1
3701,12'hE75,0.3125,1
3702,12'hE76,0.5625,1
3703,12'hE77,0.0625,1
3704,12'hE78,0.9062,1
3705,12'hE79,0.4062,1
3706,12'hE7A,0.6250,1
3707,12'hE7B,0.1250,1
3708,12'hE7C,0.7500,1
3709,12'hE7D,0.2500,1
3710,12'hE7E,0.5000,1
3711,12'hE7F,0.0000,0
3712,12'hE80,1.0000,1
3713,12'hE81,0.5000,1
3714,12'hE82,0.7500,1
3715,12'hE83,0.2500,1
3716,12'hE84,0.8750,1
3717,12'hE85,0.3750,1
3718,12'hE86,0.6250,1
3719,12'hE87,0.1250,1
3720,12'hE88,0.9375,1
3721,12'hE89,0.4062,1
3722,12'hE8A,0.6875,1
3723,12'hE8B,0.1875,1
3724,12'hE8C,0.8125,1
3725,12'hE8D,0.3125,1
3726,12'hE8E,0.5625,1
3727,12'hE8F,0.0625,1
3728,12'hE90,0.9688,1
3729,12'hE91,0.4688,1
3730,12'hE92,0.7188,1
3731,12'hE93,0.2188,1
3732,12'hE94,0.8438,1
3733,12'hE95,0.3438,1
3734,12'hE96,0.5625,1
3735,12'hE97,0.0938,1
3736,12'hE98,0.9062,1
3737,12'hE99,0.4062,1
3738,12'hE9A,0.6562,1
3739,12'hE9B,0.1562,1
3740,12'hE9C,0.7812,1
3741,12'hE9D,0.2812,1
3742,12'hE9E,0.5312,1
3743,12'hE9F,0.0312,1
3744,12'hEA0,1.0000,1
3745,12'hEA1,0.4688,1
3746,12'hEA2,0.7500,1
3747,12'hEA3,0.2188,1
3748,12'hEA4,0.8438,1
3749,12'hEA5,0.3438,1
3750,12'hEA6,0.5938,1
3751,12'hEA7,0.0938,1
3752,12'hEA8,0.9062,1
3753,12'hEA9,0.4062,1
3754,12'hEAA,0.6875,1
3755,12'hEAB,0.1875,1
3756,12'hEAC,0.7812,1
3757,12'hEAD,0.3125,1
3758,12'hEAE,0.5625,1
3759,12'hEAF,0.0312,1
3760,12'hEB0,0.9375,1
3761,12'hEB1,0.4375,1
3762,12'hEB2,0.6875,1
3763,12'hEB3,0.1875,1
3764,12'hEB4,0.8438,1
3765,12'hEB5,0.3125,1
3766,12'hEB6,0.5625,1
3767,12'hEB7,0.0938,1
3768,12'hEB8,0.9062,1
3769,12'hEB9,0.4062,1
3770,12'hEBA,0.6562,1
3771,12'hEBB,0.1562,1
3772,12'hEBC,0.7500,1
3773,12'hEBD,0.2500,1
3774,12'hEBE,0.5000,1
3775,12'hEBF,0.0000,0
3776,12'hEC0,1.0000,1
3777,12'hEC1,0.5000,1
3778,12'hEC2,0.7500,1
3779,12'hEC3,0.2188,1
3780,12'hEC4,0.8438,1
3781,12'hEC5,0.3750,1
3782,12'hEC6,0.5938,1
3783,12'hEC7,0.1250,1
3784,12'hEC8,0.9375,1
3785,12'hEC9,0.4062,1
3786,12'hECA,0.6875,1
3787,12'hECB,0.1875,1
3788,12'hECC,0.7812,1
3789,12'hECD,0.3125,1
3790,12'hECE,0.5625,1
3791,12'hECF,0.0625,1
3792,12'hED0,0.9375,1
3793,12'hED1,0.4688,1
3794,12'hED2,0.7188,1
3795,12'hED3,0.2188,1
3796,12'hED4,0.8438,1
3797,12'hED5,0.3438,1
3798,12'hED6,0.5625,1
3799,12'hED7,0.0938,1
3800,12'hED8,0.9062,1
3801,12'hED9,0.4062,1
3802,12'hEDA,0.6562,1
3803,12'hEDB,0.1562,1
3804,12'hEDC,0.7812,1
3805,12'hEDD,0.2812,1
3806,12'hEDE,0.5000,1
3807,12'hEDF,0.0000,0
3808,12'hEE0,0.9688,1
3809,12'hEE1,0.4688,1
3810,12'hEE2,0.7188,1
3811,12'hEE3,0.2188,1
3812,12'hEE4,0.8438,1
3813,12'hEE5,0.3438,1
3814,12'hEE6,0.5938,1
3815,12'hEE7,0.0938,1
3816,12'hEE8,0.9062,1
3817,12'hEE9,0.4062,1
3818,12'hEEA,0.6875,1
3819,12'hEEB,0.1562,1
3820,12'hEEC,0.7812,1
3821,12'hEED,0.2812,1
3822,12'hEEE,0.5312,1
3823,12'hEEF,0.0312,1
3824,12'hEF0,0.9375,1
3825,12'hEF1,0.4375,1
3826,12'hEF2,0.6875,1
3827,12'hEF3,0.1875,1
3828,12'hEF4,0.8125,1
3829,12'hEF5,0.3125,1
3830,12'hEF6,0.5625,1
3831,12'hEF7,0.0625,1
3832,12'hEF8,0.9062,1
3833,12'hEF9,0.3750,1
3834,12'hEFA,0.6250,1
3835,12'hEFB,0.1250,1
3836,12'hEFC,0.7500,1
3837,12'hEFD,0.2500,1
3838,12'hEFE,0.5000,1
3839,12'hEFF,0.0000,0
3840,12'hF00,1.0000,1
3841,12'hF01,0.5000,1
3842,12'hF02,0.7500,1
3843,12'hF03,0.2500,1
3844,12'hF04,0.8750,1
3845,12'hF05,0.3750,1
3846,12'hF06,0.6250,1
3847,12'hF07,0.1250,1
3848,12'hF08,0.9375,1
3849,12'hF09,0.4375,1
3850,12'hF0A,0.6875,1
3851,12'hF0B,0.1875,1
3852,12'hF0C,0.8125,1
3853,12'hF0D,0.3125,1
3854,12'hF0E,0.5625,1
3855,12'hF0F,0.0625,1
3856,12'hF10,0.9688,1
3857,12'hF11,0.4688,1
3858,12'hF12,0.7188,1
3859,12'hF13,0.2188,1
3860,12'hF14,0.8438,1
3861,12'hF15,0.3438,1
3862,12'hF16,0.5625,1
3863,12'hF17,0.0938,1
3864,12'hF18,0.9062,1
3865,12'hF19,0.4062,1
3866,12'hF1A,0.6562,1
3867,12'hF1B,0.1562,1
3868,12'hF1C,0.7812,1
3869,12'hF1D,0.2812,1
3870,12'hF1E,0.5312,1
3871,12'hF1F,0.0312,1
3872,12'hF20,1.0000,1
3873,12'hF21,0.5000,1
3874,12'hF22,0.7500,1
3875,12'hF23,0.2188,1
3876,12'hF24,0.8438,1
3877,12'hF25,0.3438,1
3878,12'hF26,0.5938,1
3879,12'hF27,0.0938,1
3880,12'hF28,0.9062,1
3881,12'hF29,0.4062,1
3882,12'hF2A,0.6875,1
3883,12'hF2B,0.1875,1
3884,12'hF2C,0.7812,1
3885,12'hF2D,0.3125,1
3886,12'hF2E,0.5625,1
3887,12'hF2F,0.0312,1
3888,12'hF30,0.9375,1
3889,12'hF31,0.4375,1
3890,12'hF32,0.6875,1
3891,12'hF33,0.1875,1
3892,12'hF34,0.8438,1
3893,12'hF35,0.3125,1
3894,12'hF36,0.5625,1
3895,12'hF37,0.0938,1
3896,12'hF38,0.9062,1
3897,12'hF39,0.4062,1
3898,12'hF3A,0.6562,1
3899,12'hF3B,0.1562,1
3900,12'hF3C,0.7812,1
3901,12'hF3D,0.2500,1
3902,12'hF3E,0.5000,1
3903,12'hF3F,0.0000,0
3904,12'hF40,1.0000,1
3905,12'hF41,0.5000,1
3906,12'hF42,0.7500,1
3907,12'hF43,0.2500,1
3908,12'hF44,0.8438,1
3909,12'hF45,0.3750,1
3910,12'hF46,0.5938,1
3911,12'hF47,0.1250,1
3912,12'hF48,0.9375,1
3913,12'hF49,0.4062,1
3914,12'hF4A,0.6875,1
3915,12'hF4B,0.1875,1
3916,12'hF4C,0.7812,1
3917,12'hF4D,0.3125,1
3918,12'hF4E,0.5625,1
3919,12'hF4F,0.0625,1
3920,12'hF50,0.9688,1
3921,12'hF51,0.4688,1
3922,12'hF52,0.7188,1
3923,12'hF53,0.2188,1
3924,12'hF54,0.8438,1
3925,12'hF55,0.3438,1
3926,12'hF56,0.5625,1
3927,12'hF57,0.0938,1
3928,12'hF58,0.9062,1
3929,12'hF59,0.4062,1
3930,12'hF5A,0.6562,1
3931,12'hF5B,0.1562,1
3932,12'hF5C,0.7812,1
3933,12'hF5D,0.2812,1
3934,12'hF5E,0.5000,1
3935,12'hF5F,0.0312,1
3936,12'hF60,0.9688,1
3937,12'hF61,0.4688,1
3938,12'hF62,0.7188,1
3939,12'hF63,0.2188,1
3940,12'hF64,0.8438,1
3941,12'hF65,0.3438,1
3942,12'hF66,0.5938,1
3943,12'hF67,0.0938,1
3944,12'hF68,0.9062,1
3945,12'hF69,0.4062,1
3946,12'hF6A,0.6875,1
3947,12'hF6B,0.1562,1
3948,12'hF6C,0.7812,1
3949,12'hF6D,0.2812,1
3950,12'hF6E,0.5312,1
3951,12'hF6F,0.0312,1
3952,12'hF70,0.9375,1
3953,12'hF71,0.4375,1
3954,12'hF72,0.6875,1
3955,12'hF73,0.1875,1
3956,12'hF74,0.8125,1
3957,12'hF75,0.3125,1
3958,12'hF76,0.5625,1
3959,12'hF77,0.0625,1
3960,12'hF78,0.9062,1
3961,12'hF79,0.4062,1
3962,12'hF7A,0.6250,1
3963,12'hF7B,0.1250,1
3964,12'hF7C,0.7500,1
3965,12'hF7D,0.2500,1
3966,12'hF7E,0.5000,1
3967,12'hF7F,0.0000,0
3968,12'hF80,1.0000,1
3969,12'hF81,0.5000,1
3970,12'hF82,0.7500,1
3971,12'hF83,0.2500,1
3972,12'hF84,0.8438,1
3973,12'hF85,0.3750,1
3974,12'hF86,0.5938,1
3975,12'hF87,0.1250,1
3976,12'hF88,0.9375,1
3977,12'hF89,0.4062,1
3978,12'hF8A,0.6875,1
3979,12'hF8B,0.1875,1
3980,12'hF8C,0.8125,1
3981,12'hF8D,0.3125,1
3982,12'hF8E,0.5625,1
3983,12'hF8F,0.0625,1
3984,12'hF90,0.9688,1
3985,12'hF91,0.4688,1
3986,12'hF92,0.7188,1
3987,12'hF93,0.2188,1
3988,12'hF94,0.8438,1
3989,12'hF95,0.3438,1
3990,12'hF96,0.5625,1
3991,12'hF97,0.0938,1
3992,12'hF98,0.9062,1
3993,12'hF99,0.4062,1
3994,12'hF9A,0.6562,1
3995,12'hF9B,0.1562,1
3996,12'hF9C,0.7812,1
3997,12'hF9D,0.2812,1
3998,12'hF9E,0.5000,1
3999,12'hF9F,0.0312,1
4000,12'hFA0,1.0000,1
4001,12'hFA1,0.4688,1
4002,12'hFA2,0.7188,1
4003,12'hFA3,0.2188,1
4004,12'hFA4,0.8438,1
4005,12'hFA5,0.3438,1
4006,12'hFA6,0.5938,1
4007,12'hFA7,0.0938,1
4008,12'hFA8,0.9062,1
4009,12'hFA9,0.4062,1
4010,12'hFAA,0.6875,1
4011,12'hFAB,0.1875,1
4012,12'hFAC,0.7812,1
4013,12'hFAD,0.3125,1
4014,12'hFAE,0.5625,1
4015,12'hFAF,0.0312,1
4016,12'hFB0,0.9375,1
4017,12'hFB1,0.4375,1
4018,12'hFB2,0.6875,1
4019,12'hFB3,0.1875,1
4020,12'hFB4,0.8438,1
4021,12'hFB5,0.3125,1
4022,12'hFB6,0.5625,1
4023,12'hFB7,0.0938,1
4024,12'hFB8,0.9062,1
4025,12'hFB9,0.4062,1
4026,12'hFBA,0.6250,1
4027,12'hFBB,0.1250,1
4028,12'hFBC,0.7500,1
4029,12'hFBD,0.2500,1
4030,12'hFBE,0.5000,1
4031,12'hFBF,0.0000,0
4032,12'hFC0,1.0000,1
4033,12'hFC1,0.5000,1
4034,12'hFC2,0.7500,1
4035,12'hFC3,0.2188,1
4036,12'hFC4,0.8438,1
4037,12'hFC5,0.3750,1
4038,12'hFC6,0.5938,1
4039,12'hFC7,0.1250,1
4040,12'hFC8,0.9375,1
4041,12'hFC9,0.4062,1
4042,12'hFCA,0.6875,1
4043,12'hFCB,0.1875,1
4044,12'hFCC,0.7812,1
4045,12'hFCD,0.3125,1
4046,12'hFCE,0.5625,1
4047,12'hFCF,0.0625,1
4048,12'hFD0,0.9375,1
4049,12'hFD1,0.4688,1
4050,12'hFD2,0.6875,1
4051,12'hFD3,0.1875,1
4052,12'hFD4,0.8438,1
4053,12'hFD5,0.3438,1
4054,12'hFD6,0.5625,1
4055,12'hFD7,0.0938,1
4056,12'hFD8,0.9062,1
4057,12'hFD9,0.4062,1
4058,12'hFDA,0.6562,1
4059,12'hFDB,0.1562,1
4060,12'hFDC,0.7812,1
4061,12'hFDD,0.2812,1
4062,12'hFDE,0.5000,1
4063,12'hFDF,0.0000,0
4064,12'hFE0,0.9688,1
4065,12'hFE1,0.4688,1
4066,12'hFE2,0.7188,1
4067,12'hFE3,0.2188,1
4068,12'hFE4,0.8438,1
4069,12'hFE5,0.3438,1
4070,12'hFE6,0.5938,1
4071,12'hFE7,0.0938,1
4072,12'hFE8,0.9062,1
4073,12'hFE9,0.4062,1
4074,12'hFEA,0.6562,1
4075,12'hFEB,0.1562,1
4076,12'hFEC,0.7812,1
4077,12'hFED,0.2812,1
4078,12'hFEE,0.5312,1
4079,12'hFEF,0.0312,1
4080,12'hFF0,0.9375,1
4081,12'hFF1,0.4375,1
4082,12'hFF2,0.6875,1
4083,12'hFF3,0.1875,1
4084,12'hFF4,0.8125,1
4085,12'hFF5,0.3125,1
4086,12'hFF6,0.5625,1
4087,12'hFF7,0.0625,1
4088,12'hFF8,0.8750,1
4089,12'hFF9,0.3750,1
4090,12'hFFA,0.6250,1
4091,12'hFFB,0.1250,1
4092,12'hFFC,0.7500,1
4093,12'hFFD,0.2500,1
4094,12'hFFE,0.5000,1
4095,12'hFFF,0.0000,0
